col,collection
col_1,Non-Collection
col_2,Frank and Frances Carpenter Collection
col_3,Japanese Prints and Drawings Collection
col_4,Henry Harrisse Collection
col_5,United States History
col_6,American Imprint Collection
col_7,Geographic Card Set of the Russian Empire
col_8,Lessing J. Rosenwald Collection
col_9,William C. Brumfield Photograph Collection
col_10,Paper Print Collection
col_11,Thereza Christina Maria Collection
col_12,World War I
col_13,World History
col_14,Great Siberian Railway Guidebooks
col_15,Thomas Jefferson Library Collection
col_16,Chinese Rare Book Collection
col_17,Pre-1801 Imprint Collection
col_18,Hans and Hanni Kraus Sir Francis Drake Collection
col_19,Detroit Publishing Company Photograph Collection
col_20,Naxi Collection
col_21,Illuminated Manuscripts from Europe
col_22,"Views in the Caucasus and Black Sea Area, Russian Empire"
col_23,World War I Posters
col_24,"Views of the Napoleonic Campaign Area, Russian Empire"
col_25,Early Bulgarian Imprint Collection
col_26,Legal Acts of the Grand Duchy of Lithuania 1522-1845
col_27,Rubbings of Inscriptions on Metal and Stone
col_28,George Grantham Bain Collection
col_29,Views of the Austro-Hungarian Empire
col_30,Juvenile Collection
col_31,"Geographical Atlas of the Russian Empire, the Kingdom of Poland, and the Grand Duchy of Finland"
col_32,"Various Views and Studies, Russian Empire and Europe"
col_33,Cinémathèque française Collection
col_34,Maggs Purchase Map Collection
col_35,"Relaciones Geográficas of Mexico and Guatemala, 1577-1585, Joaquín García Icazbalceta Manuscript Collection"
col_36,Visual Materials from the Papers of John D. Whiting
col_37,"Views in Central Asia, Russian Empire"
col_38,American Colonization Society Map Collection
col_39,Islamic Manuscripts from Mali
col_40,Works of the Provisional Canalization of the São Pedro River
col_41,Jay I. Kislak Collection
col_42,Arabic and Islamic Science and Its Influence on the Western Scientific Tradition: Historical and Political Background
col_43,Images from the Turkestan Album: Historical Part
col_44,African Section Pamphlet Collection
col_45,Landscape and Marine Views of Norway
col_46,Views of Montenegro
col_47,Taipei During the Japanese Occupation Period
col_48,Japanese Rare Book Collection
col_49,The Siege of Paris: 1870–1871
col_50,Views of Petrópolis
col_51,"Minas and Rio Railway, Brazil"
col_52,"Paranaguá to Curitiba Railway, Brazil"
col_53,The Photographic Album
col_54,"The Brazilian Astronomical Commission: Transit of Venus on December 6, 1882"
col_55,"Russian Scientific-Commercial Expedition to China, 1874-75"
col_56,Peace Handbooks
col_57,"Selections of Arabic, Persian and Ottoman Calligraphy"
col_58,G. Eric and Edith Matson Photograph Collection
col_59,Views of People and Sites in Algeria
col_60,Arabic and Islamic Science and Its Influence on the Western Scientific Tradition: Astronomy
col_61,Arabic and Islamic Science and Its Influence on the Western Scientific Tradition: Mathematics
col_62,Abdul-Hamid II Collection
col_63,Views of Architecture and People in Tunisia
col_64,Images from the Turkestan Album: Ethnographic Part
col_65,Images from the Turkestan Album
col_66,"Views of Architecture and Other Sites in Copenhagen, Denmark"
col_67,"Views of Belgrade, Serbia"
col_68,Landscape and Marine Views of Norway and Sweden
col_69,Views of Germany
col_70,The Eran Laor Cartographic Collection
col_71,Columbus Memorial Library (OAS) Photograph Collection
col_72,Bašagic's Collection of Islamic Manuscripts
col_73,"Ansel Adams Photographs of National Parks and Monuments, 1941-1942"
col_74,"Photographic Prints Documenting Programs and Activities of the Bureau of Agricultural Economics and Predecessor Agencies, Compiled ca. 1922 - ca. 1947"
col_75,"Documeria: The Environmental Protection Agency's Program to Photographically Document Subjects of Environmental Concern, Compiled 1972-1977"
col_76,Arabic and Islamic Science and Its Influence on the Western Scientific Tradition: Technology
col_77,Anne S.K. Brown Military Collection
col_78,Woodhouse Rock Art Collection
col_79,Van der Waal Collection
col_80,"Chinese Books, Manuscripts, Maps, and Prints"
col_81,National Languages Collection
col_82,Dunhuang Collection
col_83,Sketches of the Amistad Captives
col_84,Mansuri Collection
col_85,Robert Burns Chapbook Collection
col_86,Robert Burns Collection
col_87,Images from the Turkestan Album: Archaeological Part
col_88,"Florida Broadsides and Other Ephemera, 1800-2000"
col_89,Arabic and Islamic Science and Its Influence on the Western Scientific Tradition: Medicine
col_90,Dale M. McDonald Collection
col_91,Department of Commerce Collection
col_92,Florida Folklife Collection
col_93,Peniarth Manuscript Collection
col_94,Atlantic World
col_95,Lebanese Maronite Order
col_96,Bibliotheca Corviniana
col_97,Views of Architecture and Other Sites in Belgium
col_98,"Views of Architecture, Monuments, and Other Sites in France"
col_99,Paul Sbath Collection
col_100,Galilean Collection
col_101,"Views of Architecture and Other Sites Primarily in Poland, Russia, and the Ukraine"
col_102,Views of Switzerland
col_103,Views of Architecture and Other Sites in Italy
col_104,Papyrus Collection (Collection Erzherzog Rainer)
col_105,Picture Archives Department
col_106,Africana Books Collection
col_107,Chadbourne Collection of Japanese Prints
col_108,Imperial Russian Playing Cards
col_109,Barron Collier patriotic series number 2
col_110,"Views along the Mariinskii Canal and River System, Russian Empire"
col_111,"Views in the Ural Mountains and Western Siberia, Survey of Waterways, Russian Empire"
col_112,"Views in the Ural Mountains, Survey of Industrial Area, Russian Empire"
col_113,"Views along the Murmansk Railway, Russian Empire"
col_114,Sergei Mikhailovich Prokudin-Gorskii Collection
col_115,"Views along the Upper Volga River, from Its Source in the Valdai Hills to Kalyazin, Russian Empire"
col_116,"Views along the Upper Volga River, between Yaroslavl, Vladimir, and Kostroma, Russian Empire"
col_117,"Views along the Upper Volga River, from Kashin to Makarev, Russian Empire"
col_118,"Views along the Oka River and Suzdal, Russian Empire"
col_119,"Long Live Japan: 100 Victories, 100 Laughs"
col_120,The Expeditionary War against Russia: Tales of Laughter
col_121,Tovar Codex: Calendar Section
col_122,Tovar Codex: Historical Section
col_123,Archive of Early American Images
col_124,American Geographical Society Library Digital Map Collection
col_125,Archbishopric Collection
col_126,NEST Library
col_127,St. George Church (Urfa Collection)
col_128,Monastery Library
col_129,Grabill Collection
col_130,"Colonel Edward ""Tug"" Bearby Wilson Collection"
col_131,Siberian Letters on Birch Bark
col_132,The Process of Building the Ķegums Hydro Power Plant (1936-1940)
col_133,Views of Kiev
col_134,Paintings of the Victorious Pacification of the Zhungars
col_135,Paintings of the Victorious Pacification of the Two Jinchuans
col_136,Paintings of the Victorious Pacification of Taiwan
col_137,Paintings of the Campaign Against and Pacification of the Miao Tribes
col_138,Paintings of the Campaign against and Pacification of Zhong Miao
col_139,Early History of the Anglican Church in Uganda
col_140,El Mosquito Newspaper Collection
col_141,Views of People and Sites in Turkey
col_142,Souvenir of Kiev
col_143,Colección Comisión Corográfica
col_144,Veterans History Project
col_145,La Première Ligne Newspaper Collection
col_146,Philadelphia on Stone
col_147,Wainwright Philadelphia Lithographs
col_148,Work Projects Administration Poster Collection
col_149,Rochambeau Map Collection
col_150,Indian Types and Scenes
col_151,Original Sketches Made in Afghanistan during the Campaign of 1878-79 with the Peshawer Field Force
col_152,Album of Original Military and Other Drawings and Water-Colors
col_153,Feinberg-Whitman Collection
col_154,Gabriela Mistral Manuscripts Collection
col_155,HMML Rare Books
col_156,Arca Artium Rare Books
col_157,Saint John's Rare Books
col_158,The New Generation
col_159,The Uganda Journal
col_160,Al-Zaura Newspaper Collection
col_161,Carpathian Ruthenia
col_162,Florentine Codex
col_163,Al-Iraq Newspaper Collection
col_164,Circus & Allied Arts Collection
col_165,The Khoikhoi at the Cape of Good Hope
col_166,Iryan Moftah Collection of Coptic Books and Manuscripts
col_167,Papers of Wilbur and Orville Wright
col_168,"Afghanistan, 1879-80"
col_169,League of Nations Archives
col_170,Plutei Collection
col_171,Views of Great Tibet
col_172,Images from Mecca
col_173,Feminine Elegance Magazine Collection
col_174,General Map of Central Asia
col_175,John M. Brown Collection
col_176,Harry A. Atwell Collection
col_177,Echo of Babylon Newspaper Collection
col_178,Al-Arab Newspaper Collection
col_179,Photographs of the Jing-Zhang Railway Construction
col_180,Sun of the Day Periodical Collection
col_181,Kabul Magazine
col_182,Zhvandūn Magazine
col_183,collection
