collection,col
Non-Collection,col_1
Frank and Frances Carpenter Collection,col_2
Japanese Prints and Drawings Collection,col_3
Henry Harrisse Collection,col_4
United States History,col_5
American Imprint Collection,col_6
Geographic Card Set of the Russian Empire,col_7
Lessing J. Rosenwald Collection,col_8
William C. Brumfield Photograph Collection,col_9
Paper Print Collection,col_10
Thereza Christina Maria Collection,col_11
World War I,col_12
World History,col_13
Great Siberian Railway Guidebooks,col_14
Thomas Jefferson Library Collection,col_15
Chinese Rare Book Collection,col_16
Pre-1801 Imprint Collection,col_17
Hans and Hanni Kraus Sir Francis Drake Collection,col_18
Detroit Publishing Company Photograph Collection,col_19
Naxi Collection,col_20
Illuminated Manuscripts from Europe,col_21
"Views in the Caucasus and Black Sea Area, Russian Empire",col_22
World War I Posters,col_23
"Views of the Napoleonic Campaign Area, Russian Empire",col_24
Early Bulgarian Imprint Collection,col_25
Legal Acts of the Grand Duchy of Lithuania 1522-1845,col_26
Rubbings of Inscriptions on Metal and Stone,col_27
George Grantham Bain Collection,col_28
Views of the Austro-Hungarian Empire,col_29
Juvenile Collection,col_30
"Geographical Atlas of the Russian Empire, the Kingdom of Poland, and the Grand Duchy of Finland",col_31
"Various Views and Studies, Russian Empire and Europe",col_32
Cinémathèque française Collection,col_33
Maggs Purchase Map Collection,col_34
"Relaciones Geográficas of Mexico and Guatemala, 1577-1585, Joaquín García Icazbalceta Manuscript Collection",col_35
Visual Materials from the Papers of John D. Whiting,col_36
"Views in Central Asia, Russian Empire",col_37
American Colonization Society Map Collection,col_38
Islamic Manuscripts from Mali,col_39
Works of the Provisional Canalization of the São Pedro River,col_40
Jay I. Kislak Collection,col_41
Arabic and Islamic Science and Its Influence on the Western Scientific Tradition: Historical and Political Background,col_42
Images from the Turkestan Album: Historical Part,col_43
African Section Pamphlet Collection,col_44
Landscape and Marine Views of Norway,col_45
Views of Montenegro,col_46
Taipei During the Japanese Occupation Period,col_47
Japanese Rare Book Collection,col_48
The Siege of Paris: 1870–1871,col_49
Views of Petrópolis,col_50
"Minas and Rio Railway, Brazil",col_51
"Paranaguá to Curitiba Railway, Brazil",col_52
The Photographic Album,col_53
"The Brazilian Astronomical Commission: Transit of Venus on December 6, 1882",col_54
"Russian Scientific-Commercial Expedition to China, 1874-75",col_55
Peace Handbooks,col_56
"Selections of Arabic, Persian and Ottoman Calligraphy",col_57
G. Eric and Edith Matson Photograph Collection,col_58
Views of People and Sites in Algeria,col_59
Arabic and Islamic Science and Its Influence on the Western Scientific Tradition: Astronomy,col_60
Arabic and Islamic Science and Its Influence on the Western Scientific Tradition: Mathematics,col_61
Abdul-Hamid II Collection,col_62
Views of Architecture and People in Tunisia,col_63
Images from the Turkestan Album: Ethnographic Part,col_64
Images from the Turkestan Album,col_65
"Views of Architecture and Other Sites in Copenhagen, Denmark",col_66
"Views of Belgrade, Serbia",col_67
Landscape and Marine Views of Norway and Sweden,col_68
Views of Germany,col_69
The Eran Laor Cartographic Collection,col_70
Columbus Memorial Library (OAS) Photograph Collection,col_71
Bašagic's Collection of Islamic Manuscripts,col_72
"Ansel Adams Photographs of National Parks and Monuments, 1941-1942",col_73
"Photographic Prints Documenting Programs and Activities of the Bureau of Agricultural Economics and Predecessor Agencies, Compiled ca. 1922 - ca. 1947",col_74
"Documeria: The Environmental Protection Agency's Program to Photographically Document Subjects of Environmental Concern, Compiled 1972-1977",col_75
Arabic and Islamic Science and Its Influence on the Western Scientific Tradition: Technology,col_76
Anne S.K. Brown Military Collection,col_77
Woodhouse Rock Art Collection,col_78
Van der Waal Collection,col_79
"Chinese Books, Manuscripts, Maps, and Prints",col_80
National Languages Collection,col_81
Dunhuang Collection,col_82
Sketches of the Amistad Captives,col_83
Mansuri Collection,col_84
Robert Burns Chapbook Collection,col_85
Robert Burns Collection,col_86
Images from the Turkestan Album: Archaeological Part,col_87
"Florida Broadsides and Other Ephemera, 1800-2000",col_88
Arabic and Islamic Science and Its Influence on the Western Scientific Tradition: Medicine,col_89
Dale M. McDonald Collection,col_90
Department of Commerce Collection,col_91
Florida Folklife Collection,col_92
Peniarth Manuscript Collection,col_93
Atlantic World,col_94
Lebanese Maronite Order,col_95
Bibliotheca Corviniana,col_96
Views of Architecture and Other Sites in Belgium,col_97
"Views of Architecture, Monuments, and Other Sites in France",col_98
Paul Sbath Collection,col_99
Galilean Collection,col_100
"Views of Architecture and Other Sites Primarily in Poland, Russia, and the Ukraine",col_101
Views of Switzerland,col_102
Views of Architecture and Other Sites in Italy,col_103
Papyrus Collection (Collection Erzherzog Rainer),col_104
Picture Archives Department,col_105
Africana Books Collection,col_106
Chadbourne Collection of Japanese Prints,col_107
Imperial Russian Playing Cards,col_108
Barron Collier patriotic series number 2,col_109
"Views along the Mariinskii Canal and River System, Russian Empire",col_110
"Views in the Ural Mountains and Western Siberia, Survey of Waterways, Russian Empire",col_111
"Views in the Ural Mountains, Survey of Industrial Area, Russian Empire",col_112
"Views along the Murmansk Railway, Russian Empire",col_113
Sergei Mikhailovich Prokudin-Gorskii Collection,col_114
"Views along the Upper Volga River, from Its Source in the Valdai Hills to Kalyazin, Russian Empire",col_115
"Views along the Upper Volga River, between Yaroslavl, Vladimir, and Kostroma, Russian Empire",col_116
"Views along the Upper Volga River, from Kashin to Makarev, Russian Empire",col_117
"Views along the Oka River and Suzdal, Russian Empire",col_118
"Long Live Japan: 100 Victories, 100 Laughs",col_119
The Expeditionary War against Russia: Tales of Laughter,col_120
Tovar Codex: Calendar Section,col_121
Tovar Codex: Historical Section,col_122
Archive of Early American Images,col_123
American Geographical Society Library Digital Map Collection,col_124
Archbishopric Collection,col_125
NEST Library,col_126
St. George Church (Urfa Collection),col_127
Monastery Library,col_128
Grabill Collection,col_129
"Colonel Edward ""Tug"" Bearby Wilson Collection",col_130
Siberian Letters on Birch Bark,col_131
The Process of Building the Ķegums Hydro Power Plant (1936-1940),col_132
Views of Kiev,col_133
Paintings of the Victorious Pacification of the Zhungars,col_134
Paintings of the Victorious Pacification of the Two Jinchuans,col_135
Paintings of the Victorious Pacification of Taiwan,col_136
Paintings of the Campaign Against and Pacification of the Miao Tribes,col_137
Paintings of the Campaign against and Pacification of Zhong Miao,col_138
Early History of the Anglican Church in Uganda,col_139
El Mosquito Newspaper Collection,col_140
Views of People and Sites in Turkey,col_141
Souvenir of Kiev,col_142
Colección Comisión Corográfica,col_143
Veterans History Project,col_144
La Première Ligne Newspaper Collection,col_145
Philadelphia on Stone,col_146
Wainwright Philadelphia Lithographs,col_147
Work Projects Administration Poster Collection,col_148
Rochambeau Map Collection,col_149
Indian Types and Scenes,col_150
Original Sketches Made in Afghanistan during the Campaign of 1878-79 with the Peshawer Field Force,col_151
Album of Original Military and Other Drawings and Water-Colors,col_152
Feinberg-Whitman Collection,col_153
Gabriela Mistral Manuscripts Collection,col_154
HMML Rare Books,col_155
Arca Artium Rare Books,col_156
Saint John's Rare Books,col_157
The New Generation,col_158
The Uganda Journal,col_159
Al-Zaura Newspaper Collection,col_160
Carpathian Ruthenia,col_161
Florentine Codex,col_162
Al-Iraq Newspaper Collection,col_163
Circus & Allied Arts Collection,col_164
The Khoikhoi at the Cape of Good Hope,col_165
Iryan Moftah Collection of Coptic Books and Manuscripts,col_166
Papers of Wilbur and Orville Wright,col_167
"Afghanistan, 1879-80",col_168
League of Nations Archives,col_169
Plutei Collection,col_170
Views of Great Tibet,col_171
Images from Mecca,col_172
Feminine Elegance Magazine Collection,col_173
General Map of Central Asia,col_174
John M. Brown Collection,col_175
Harry A. Atwell Collection,col_176
Echo of Babylon Newspaper Collection,col_177
Al-Arab Newspaper Collection,col_178
Photographs of the Jing-Zhang Railway Construction,col_179
Sun of the Day Periodical Collection,col_180
Kabul Magazine,col_181
Zhvandūn Magazine,col_182
collection,col_183
