Publisher,pub_key
unknown,pub_1
Harimaya Katsugorō,pub_2
Dutch West India Company,pub_3
Tobias Conrad Lotter,pub_4
American Press Association,pub_5
Association of R. Golik and A. Vil'borg,pub_6
U.S. Government Printing Office,pub_7
American Philosophical Society,pub_8
Robert Wilkinson,pub_9
Printed and sold by Nathaniel Patten,pub_10
Robert Sayer and John Bennett,pub_11
D. Appleton and Company,pub_12
Anton Sorg,pub_13
Hieronymus Cock,pub_14
American Mutoscope and Biograph Company,pub_15
"Mariette, Pierre, 1603-1657|Sumptibus Petri Mariette Lutetiae",pub_16
"Chez Daniel de la Feuille, marchand librarie, proche de la Bourse",pub_17
Rand McNally and Company,pub_18
J.B. Metzler'schen Buchhandlung,pub_19
Kartographische Abtheilung der Königl. Preuss. Landes-Aufnahme.,pub_20
William Caxton,pub_21
John Tallis & Company,pub_22
A. Fullarton & Co.,pub_23
R. Chapelot et Cie.,pub_24
Jan Barend Elwe,pub_25
l'Histoire Universette d'une Societé de Gens de Lettres,pub_26
Charles Simonneau,pub_27
Adrien Hubert Brué,pub_28
Pierre Mariette,pub_29
J. Lebègue & Cie.,pub_30
United Fruit Company,pub_31
A. Hartleben's Verlag,pub_32
Aaron Arrowsmith,pub_33
J.H. Colton & Company,pub_34
Ramon Abreu,pub_35
Beauplan,pub_36
C. L. F. Panckoucke,pub_37
United States Office of War Information Overseas Picture Division,pub_38
"Thomas A. Edison, Inc.",pub_39
Stephan Plannck,pub_40
American Geographical Society of New York,pub_41
Synodal Press,pub_42
Royal Geographical Society,pub_43
Military Topographical Depot,pub_44
Siberian Branch of the Russian Geographic Society,pub_45
Société de géographie,pub_46
Association of Art Press,pub_47
Bradford and Inskeep,pub_48
Printed by John Dunlap,pub_49
Hermond Norwood,pub_50
Printed by Clementina Rind,pub_51
Chez Basset,pub_52
"""Transreklama"" NKPS",pub_53
Central Scientific-Research Geological-Prospecting Institute,pub_54
Rossiĭskai︠a︡ akademii︠a︡ nauk,pub_55
Publication of the Siberian Regional Agricultural Administration,pub_56
Geograficheskii Departament,pub_57
Pinelli,pub_58
"Nicolas de Fer, Geographe de sa Majesté Catolique",pub_59
Chez Remondini,pub_60
Deccan Printing Works,pub_61
S. Augustus Mitchell,pub_62
Robert Sayer,pub_63
United States Hydrographical Office,pub_64
Anthony Finley,pub_65
D. Browne,pub_66
John Haven,pub_67
Gidrograficheskyi Departament Morskogo Ministerstva,pub_68
J. Wilkes,pub_69
Detroit Publishing Company,pub_70
Philippus Eckebrecht,pub_71
"La Haye, H. Scheurleer",pub_72
Compagnie belge de colonisation,pub_73
Joan Blaeu,pub_74
Nicolaes Visscher,pub_75
Bormay & Co.,pub_76
Homann Erben,pub_77
Glavnoe upravlenie geodezii i kartografii,pub_78
Printing-House of Semen Selivanovskii,pub_79
Printed by W. Blake,pub_80
Khar'kov Society for the Expansion of Literacy,pub_81
J.B. Lippincott and Co.,pub_82
Directorate General of Antiquities,pub_83
Paul Revere,pub_84
C. Scribner's Sons,pub_85
E.H. Schroeder,pub_86
Jacob van Meurs,pub_87
S. Buckley,pub_88
"William Brooks & Company, Limited",pub_89
Syng,pub_90
Louis-Charles Desnos,pub_91
K.u.K. Hoflieferant J. Weiner,pub_92
Angermayer Károly Müintézete,pub_93
T. Dring and J. Starkey,pub_94
I Tp-i Petrosi Vaghvaziantsʻ,pub_95
Underwood and Underwood,pub_96
Chez les heritiers de Maurice de la Porte,pub_97
W. and A.K. Johnston,pub_98
U Knezhēsko-Sērbskoĭ Tẏpografii,pub_99
Harris Lithographing Co. Ltd.,pub_100
Wuying Hall,pub_101
Touring-Club de France,pub_102
Augustin Challamel,pub_103
Congregatio de Propaganda Fide,pub_104
Printed at Bishop's college press by H. Townsend,pub_105
A. Ilyin,pub_106
Bain News Service,pub_107
Institut national de géographie,pub_108
Sagra Congregatione de Propaganda Fide,pub_109
Charles Scribner's Sons,pub_110
Hodder & Stoughton,pub_111
"Sampson Low, Marston, Low, and Searle",pub_112
Printed for John Stockdale,pub_113
"Printed at Modern Printing Company, owned by Hassoun Murad and Company",pub_114
Edmund M. Blunt,pub_115
L. Friederichsen & Company,pub_116
"Plon-Nourrit & Cie, imprimeurs-éditeurs",pub_117
La Société Lumière,pub_118
Devambez,pub_119
Coquemer,pub_120
Comité National de Prévoyance et d'économies,pub_121
Hollerbaum & Schmidt,pub_122
Fritz Maison,pub_123
Ex officina I. Opporini,pub_124
J. F. Bernard,pub_125
Moreau de St.-Méry,pub_126
J. Cundee,pub_127
Matthews-Northrup Works,pub_128
A. Martin,pub_129
League of Nations,pub_130
Uganda Protectorate,pub_131
Alexis Hubert Jaillot,pub_132
Giuseppe Baroni,pub_133
Wagner & Debes,pub_134
Atelier Butteri,pub_135
Coutinho and Sons,pub_136
G.F. Nesbitt & Company,pub_137
Sanbō Honbu,pub_138
Cóvens e Mortier,pub_139
Printed and published by His Majesty's Stationery Office,pub_140
Abraham Ortelius,pub_141
Charles Knight,pub_142
Edward Stanford,pub_143
Dietrich Reimer,pub_144
Stanford's Geographical Establishment,pub_145
Chez l'auteur fur le Quai de l'Horloge a l'Aigle d'Or,pub_146
Geographical Magazine,pub_147
Ewing Galloway,pub_148
K. Birkenfeld Publishing House,pub_149
Ivan Pushkarev,pub_150
Resettlement Department of the Land Regulation and Agriculture Administration,pub_151
Jan Evertszoon Cloppenburch,pub_152
Don F. de Zúñiga y Ontiveros,pub_153
J. Meurs,pub_154
Royal Administration of the Swedish State Railways,pub_155
Impr. Lemercier et Cie,pub_156
C. Smith & Son,pub_157
Weber Costello Company,pub_158
Geodonov and Pushkarev,pub_159
"Publicity Department, Central London Recruiting Depot",pub_160
Parliamentary War Savings Committee,pub_161
Witherby & Company,pub_162
Printed and Sold by W. Oliver,pub_163
Printed by John Charlewood,pub_164
N. Bourne,pub_165
Iohann Bergmann de Olpe,pub_166
J. le Febvre,pub_167
Marcus Ward and Company,pub_168
RCA Victor,pub_169
D. Estes and Company,pub_170
John Grigg,pub_171
Detroit Photographic Company,pub_172
Assemblies of God,pub_173
Imprimerie nationale,pub_174
T. Osbourne,pub_175
E. Leroux,pub_176
E.S. Mittler und Sohn,pub_177
Crété,pub_178
Czechoslovak Recruiting Office,pub_179
Imprimerie Administrative,pub_180
Institute for Military Geography,pub_181
E. Cave,pub_182
"Information Office, Embassy of Ghana",pub_183
É. Crété,pub_184
Empreza Guedes,pub_185
Trelawney Saunders,pub_186
"Yair Medinah, Jerusalem Fine Arts Prints",pub_187
P. Sonnerat,pub_188
D. Reimer,pub_189
Thomas Hamilton,pub_190
Gallery/Studio Tamar Meser Ltd.,pub_191
Junta de Andalucia,pub_192
Printed for J. Peele,pub_193
Sold by W. Griffin,pub_194
Edward Arnold,pub_195
Century Company,pub_196
Bet Alpha Editions,pub_197
Yao Kanbē kaihan,pub_198
J. Blaeve,pub_199
A. Allard,pub_200
Homann Heirs,pub_201
Juan de Narvaes,pub_202
Direccion de Hidrografica,pub_203
Chez Pierre Mariette,pub_204
Jean Cóvens and Corneille Mortier,pub_205
Barbosa and Lobo,pub_206
Edward Anthony,pub_207
Qing yun guan,pub_208
C. Amat,pub_209
John Murray,pub_210
"Darling & Son, ltd.",pub_211
Felix Alcan,pub_212
Baptist Mission Press,pub_213
"Government Press, N.W.P. and Oudh",pub_214
A. Constable and Company,pub_215
Rodwell and Martin,pub_216
Elliot Stock,pub_217
Ticknor and Company,pub_218
J. Darby,pub_219
"Methuen & Co., Ltd., London; George H. Doran Company, New York",pub_220
H.M. Stationery Office,pub_221
Challamel aîné,pub_222
H. Hilger,pub_223
Printed for A. Millar,pub_224
"Smith, Elder, & Company",pub_225
S. Hooper,pub_226
J. Murray,pub_227
Printed at the Bengal Secretariat Office,pub_228
Archibald Constable and Company,pub_229
T. Fisher Unwin,pub_230
"Smith, Elder",pub_231
Armand Colin et cie,pub_232
"Houghton, Mifflin and company",pub_233
University Press,pub_234
Ferdinand Hirt & Sohn,pub_235
Printed at the Government Printing Office,pub_236
G. and J. Robinson,pub_237
Imprensa nacional,pub_238
Jonas Brown,pub_239
Imprimerie impériale,pub_240
Imprimerie royale,pub_241
Société royale de géographie d'Egypte,pub_242
Dieterichschen Buchhandlung,pub_243
Felipe Peña Cruz,pub_244
Wang Yuyin,pub_245
Kirk and Mercein,pub_246
Stereo-Travel Company,pub_247
"Sampson Low, Marston, Searle & Rivington",pub_248
"Juta, Heeles, and Co.",pub_249
"Longman, Brown, Green, and Longmans",pub_250
Al-‘Uthmaniyah Press,pub_251
H. Oudin,pub_252
Imprimerie Officielle,pub_253
Baptist Missionary Society and Trübner & Co.,pub_254
"Atkin & Prout, Printers",pub_255
"Doubleday, Page & Company",pub_256
Government Printer,pub_257
Imprimerie de Napoléon Chaix et Cie,pub_258
Ministry of Information of the Press and Broadcasting of the Republic of Senegal,pub_259
Ernest Leroux,pub_260
Imprimerie Jean Cussac,pub_261
Imprimerie Editogo,pub_262
"Longmans, Green and Co.",pub_263
Émile Larose,pub_264
"Ministry of the Interior, Information Service",pub_265
L. Desessart,pub_266
P. Wogan,pub_267
Luigi Battei,pub_268
L. Hachette,pub_269
W. Miller,pub_270
Publicity Promotions,pub_271
Min Qiji,pub_272
Duncker and Humblot,pub_273
"Swan Sonnenschein & Co., Ltd.",pub_274
l’Imprimerie du Rwanda,pub_275
E.S. Mittler,pub_276
"Dodd, Mead",pub_277
Union Publishing Company,pub_278
Harper & Brothers,pub_279
T. Fisher Unwin Ltd.,pub_280
Johann Friedrich Hartknoch,pub_281
Georg Christian Grund,pub_282
F.A. Brockhaus,pub_283
Ernest Bourdin,pub_284
"Lafréry, Antoine",pub_285
Justus Perthes,pub_286
Yu Liangmu,pub_287
Organization of American States,pub_288
bi-ihtimām Muḥammad ʻAbd al-Raḥmān ibn Ḥajjī Muḥammad Rawshan Khān Maghfūr,pub_289
Survey of India Offices,pub_290
Saillant et Nyon,pub_291
Alexander Hogg,pub_292
Hunt & Eaton,pub_293
Bormay & Company,pub_294
I. Murray,pub_295
William Blake,pub_296
Yao Kanbē,pub_297
Yao Kanbē kankō,pub_298
Tong Wenlong,pub_299
White House Photo Office (1969-1974),pub_300
"White House Photo Office, (1989-1993)",pub_301
John Dunlap,pub_302
Department of State,pub_303
United States House of Representatives. Committee on Woman Suffrage.,pub_304
"Department of Agriculture, Bureau of Agricultural Economics",pub_305
"Department of Commerce and Labor, Children's Bureau",pub_306
"Office for Emergency Management, Office of War Information, Overseas Operations Branch",pub_307
"Office for Emergency Management, Office of War Information, Domestic Operations Branch",pub_308
Yang Dao,pub_309
"United States Information Agency, Press and Publications Service",pub_310
Environmental Protection Agency,pub_311
West & Johnston,pub_312
Barbados Tourist Board,pub_313
National Film Board,pub_314
Guyana Information Service,pub_315
Trinidad and Tobago Tourist Board,pub_316
Joes van Doesborgh,pub_317
Claude de Monstr’oeil,pub_318
Fridericum Peypus,pub_319
Stephen Daye,pub_320
Henrico Martinez,pub_321
Chieh-tsu-yuan,pub_322
ChiGang Brotherhood Association,pub_323
Sheng Fan Wu,pub_324
"Carey, Lea, and Blanchard",pub_325
Franciscus Halma,pub_326
Hubertum Iaillot,pub_327
Sumptibus Henrici Hondii,pub_328
Officina Plantiniana,pub_329
Jacobus Lucius,pub_330
Nicolo Todescho,pub_331
Lucas Brandis de Schass,pub_332
Woodbury & Page,pub_333
R. Sayer,pub_334
"Greive Jr, J.C.",pub_335
Mieling,pub_336
"Maurepas, Jean-Frédéric Phélypeaux, comte de,",pub_337
Lauffer und Stolp,pub_338
Eggenberger Ferdinánd,pub_339
Hon-doiya,pub_340
Yamazaki Heihachi,pub_341
Rowlandson,pub_342
Zhao Liangfu,pub_343
Erhard Ratdolt,pub_344
Melchior Sessa for Jacob Pentius Leucensis,pub_345
"Bonetus Locatellus, for Octavianus Scotus",pub_346
Printing Press of King Frederick II,pub_347
Holy Dormition Lavra,pub_348
Henri Lioret,pub_349
Tianning Temple,pub_350
"Zhu Di (Chengzu, the Yongle Emperor)",pub_351
"Emperor Gaozong of the Qing dynasty, Aisin-Gioro Hongli",pub_352
Etienne Vouillemont,pub_353
Charles Bayle,pub_354
Printed for the Oriental translation committee,pub_355
"Printed by Claude Davost alias de Troys, for Bartholomeus Trot",pub_356
Antoine Lafréry,pub_357
Royal Swedish Academy of Sciences,pub_358
Wu Zetian,pub_359
Dangtu Commandery Studio,pub_360
Louis Elzevir,pub_361
Johann Bämler,pub_362
Johannes Petrejus,pub_363
"Caxton Publishing Company, Limited",pub_364
British Embassy,pub_365
J. Marshall,pub_366
C. Randall,pub_367
J. Morren,pub_368
G. Caldwell,pub_369
W. Macnie,pub_370
J. M'Nairn,pub_371
W. Davison,pub_372
Air: J. & P. Wilson,pub_373
R. Taylor,pub_374
R. Hutchison,pub_375
G. Miller,pub_376
E. Johnstone,pub_377
J. McNairn,pub_378
T. Johnston,pub_379
J. & J. Neil,pub_380
M. Randall,pub_381
J. Neil,pub_382
"Niven, Napier and Khull",pub_383
Jean-Baptiste Nolin,pub_384
R-Printer (Adolf Rusch),pub_385
Osky’s Curio Shop,pub_386
Record Co.,pub_387
T. McLean,pub_388
Francesco Cavallo,pub_389
Harman Lanfon,pub_390
Chez Emanuel Colin de Thovoyon,pub_391
Giuseppe Galeazzi,pub_392
Blaeu,pub_393
E. Thunot,pub_394
Church Missionary Society,pub_395
William Bradford and J. Peter Zenger,pub_396
Pieter Sanders,pub_397
Otto Barentlz,pub_398
Jaer,pub_399
Jan Banning,pub_400
Marten Iansz Brant,pub_401
Cornelis Claesz,pub_402
Hillebrant Jacobsz van Wouw,pub_403
Evert Nieuwenhof,pub_404
A. Damianova,pub_405
Speyer,pub_406
Anton Koberger for Sebald Schreyer and Sebastian Kammermeister,pub_407
Kniazhestvo-srŭbska (Pravitelstvena) knigopechatnia,pub_408
Kniazhesko-serbska,pub_409
Kralevska universitetska,pub_410
Zakhariia Karkaleki,pub_411
Knigopechatnitsa (tipografiia) na Ĭosifa Kopaĭniga,pub_412
Pechatnitsa na Fermen Dido,pub_413
Kniazhesko-srŭbska (Pravitelstvena) knigopechatnia,pub_414
Sv. Mitropoliia,pub_415
I.K. Sopronova,pub_416
Imperatorskoĭ akademii nauk,pub_417
Knigopechatniata na d-ra Danila Medakovicha,pub_418
Pechatnitsa (shtamparnitsa) na Dim. Panichkov,pub_419
Pechatnitsa na A. Iakicha,pub_420
Pechatnitsa na Makedoniia,pub_421
Royal Hospital,pub_422
Kim Jeongho,pub_423
Thomas Baglionus,pub_424
Ferdinand IV ann. IX,pub_425
Conrad Sweynheym and Arnold Pannartz,pub_426
Regia Stamperia,pub_427
Giacomo Mascardi,pub_428
Francesco Baba,pub_429
Photoglob Company,pub_430
Bartlett & Welford,pub_431
Adriaan Vlacq,pub_432
De L'imprimerie impériale,pub_433
Levinus Hulsius,pub_434
Barthélemy Vincent,pub_435
Ignaz Alberti's Wittwe,pub_436
François Nicolas Martinet,pub_437
Ishwar Das,pub_438
Stephanus Creuzer,pub_439
Paul Grasnik,pub_440
Zhao Kehuai,pub_441
Zongwen Shuyuan,pub_442
William Daniell,pub_443
John A. Blair,pub_444
Greening & Company,pub_445
De Bussy,pub_446
François Juste,pub_447
Daniel de la Feuille,pub_448
Izumiya Gonshiro,pub_449
Kinrindō,pub_450
Arnoul L'Angelier,pub_451
Masuda Shop before the Temple of the Shiba Shinmei mae,pub_452
Yamajin (Yamashiroya Jinbei),pub_453
Orontius Fineus,pub_454
Étienne Michallet,pub_455
"Vincent Sertenas, Jean Longis, and Robert Le Mangnier. Printed by Annet Brière",pub_456
Printed for R. Baldwin,pub_457
A. Strahan,pub_458
Wu Aheng,pub_459
Shao Tinglie,pub_460
Liu You Yang,pub_461
Ren Rui Tang,pub_462
Huang Chengzhi,pub_463
Di Xuan Ge,pub_464
Wan Juan Lou,pub_465
Pan Zuyin,pub_466
Zhong De Shu Tang,pub_467
Da You Tang,pub_468
Parliamentary Recruiting Committee,pub_469
Latham Lithography & Printing Company,pub_470
Maison d'Edition,pub_471
The National Committee for Relief in Belgium,pub_472
S.A.I.G.A. Armanino,pub_473
"Gazette Printing Co., Limited",pub_474
Marchbanks Press,pub_475
E. Guazzoni,pub_476
Geroldi,pub_477
"Gleaner Company, Limited",pub_478
Government Printing Office,pub_479
Hermes Buch u. Kunstdruckerei,pub_480
Howell Lithography,pub_481
The Hegeman Print,pub_482
Pichot,pub_483
Crespi e Cortina,pub_484
Dinse and Eckert,pub_485
National Organising Committee,pub_486
National Industrial Conservation Movement,pub_487
American Red Cross,pub_488
Chaix,pub_489
Lapina,pub_490
Sackett & Wilhelms Corporation,pub_491
Newspaper of the 10th Army,pub_492
B. Sirven,pub_493
Montreal Lithograph Company Limited,pub_494
Press Navy Recruiting Bureau,pub_495
Gesellschaft für Graphische Industrie,pub_496
Central Council for the Organisation of Recruiting in Ireland,pub_497
The United States Printing & Lithograph Company,pub_498
Montreal Lithographic Company Limited,pub_499
Chambrelent,pub_500
Berger-Levrault,pub_501
"Hudson & Kearns Limited, Lithography",pub_502
Chemical Warfare Service,pub_503
J. Cussac,pub_504
Conwell Graphic Companies,pub_505
Ray Greenleaf,pub_506
Union for the Struggle against Bolshevism,pub_507
Stone Limited,pub_508
"Johnson, Riddle & Company, Limited",pub_509
Vercasson,pub_510
Dinse & Eckert,pub_511
James Walker,pub_512
Rous & Mann,pub_513
Central Committee for National Patriotic Organisations,pub_514
Publication Section. Emergency Fleet Corporation,pub_515
Rotophot A.G.,pub_516
Instituto Italiano D'Arti Grafiche,pub_517
American Lithographic Company,pub_518
Neogravure Printing Company,pub_519
"Hill, Siffken & Company",pub_520
M. Seeger,pub_521
"Central Recruiting Committee, Number 2 Military Division",pub_522
"The Gleaner Company, Limited",pub_523
J. Weiner,pub_524
"Central Board of Registration, Selective Draft, Territory of Hawaii",pub_525
Liberty Loan Committee,pub_526
Section Cinématographique de l'Armée Française,pub_527
"Bradbury, Agnew & Company",pub_528
"Miles & Company, Limited Lithography",pub_529
Barron Collier,pub_530
Cornille & Serre,pub_531
Tang shi,pub_532
"Ruan, Zisong",pub_533
Tian yi ge,pub_534
Gan Fengliao,pub_535
Shizhuzhai,pub_536
Nanjing Xing bu,pub_537
Kazan Imperial University Publishing House,pub_538
Romanus,pub_539
Yamadaya Shōbei or Shōjirō,pub_540
Kiya,pub_541
Matsuki Heikichi,pub_542
Maruya Jinpachi,pub_543
Marutetsu,pub_544
Claudio Duchetti,pub_545
United States. Army. Corps of Topographical Engineers,pub_546
Wisconsin. Board of Commissioners of Public Lands,pub_547
Land and River Improvement Company,pub_548
Hydrographic Office,pub_549
Bureau of Civil and Topographical Engineering,pub_550
Laurie & Whittle,pub_551
Printing House of Bezobrazov V.,pub_552
P.P. Soikin,pub_553
Maimana Publishing House,pub_554
Osman Publishing House,pub_555
V.Z. Erem’yev Typo-Lithography,pub_556
Turkestan Military District Headquarters Printing House,pub_557
Monastery of Saints Cyprian and Justina,pub_558
Ganwang Dian,pub_559
Qian Dai,pub_560
Cheng Sheren,pub_561
Conghua Shufang,pub_562
Wen yuan ge,pub_563
Haishan Xianguan,pub_564
Shide Tang,pub_565
Fuchun Tang,pub_566
Xiao Tenghong,pub_567
Chen Jiao,pub_568
日本東京康氏傳鈔古寫本,pub_569
John C.H. Grabill,pub_570
"Macmillan and Company, Limited",pub_571
W. Heinemann,pub_572
Weidmann,pub_573
Pittsburgh Printing Company,pub_574
Baker & Taylor Company,pub_575
"Archibald Constable and Company, Limited",pub_576
Juan de la Cuesta,pub_577
Pascual Bujenas,pub_578
Juan Cromberger,pub_579
Ramon Petras,pub_580
Jerónimo Verdussen,pub_581
Guillermo Drouy,pub_582
Diego López Dávalos,pub_583
Jacobo Cromberger,pub_584
Sanoya Kiheｉ,pub_585
Tsutaya Kichizo,pub_586
Eijyudo,pub_587
Hujiokaya Keijiro,pub_588
Ensｈuya Matabei,pub_589
Fukuda Kumajiro,pub_590
Yamaguchiya Tobei,pub_591
Tsutaya Jûzaburô,pub_592
Toseisha,pub_593
Johannes Hamman,pub_594
Bernardus Stagninus,pub_595
Otinus de Luna,pub_596
Knowledge Foundation,pub_597
Library of Arafah,pub_598
Press Association,pub_599
The New Library,pub_600
Scientific Library,pub_601
Arab House Tomorrow,pub_602
Gorgeous Egyptian Press,pub_603
Dar Al-Kutub Press,pub_604
The Anglo Egyptian Bookshop,pub_605
Saada Publishing,pub_606
Hidaya Foundation for the Heritage Revival,pub_607
Institutes’ Library,pub_608
Council of the Ottoman Encyclopedia Press,pub_609
Ali Akbar Publishing House,pub_610
Mustafa Halabi & Sons,pub_611
Sawy Press,pub_612
E.J. Brill,pub_613
Greater Arab Library,pub_614
Arab Center for Culture and Science,pub_615
House of Scientific Culture,pub_616
Encyclopedia of the Ottoman Press,pub_617
Paul Barber Press,pub_618
Rahmaniya Printing Press,pub_619
Library of Egypt Press,pub_620
Al-Ihsan Printing Press,pub_621
As-Saada Printing Press,pub_622
Khanji Booksellers,pub_623
Arab Scientific Society,pub_624
Al-Wahbah Printing Press,pub_625
Al-Maarifa Printing Press,pub_626
Al-Matbaa Publishing,pub_627
Vilayet Printing House,pub_628
"National government of Bosnia and Hercegovina, National Printing House",pub_629
Ivan Fyodorov,pub_630
E. Fisher,pub_631
Braun & Schneider,pub_632
Hieronymus Höltzel,pub_633
Joint Stock Company Granberg,pub_634
F. Reichardt,pub_635
The Chinese Imperial Court,pub_636
Sampson Low,pub_637
The Camelot Press Limited,pub_638
The Religious Track Society,pub_639
Young People's Missionary Movement,pub_640
Monastery of the Three Hierarchs,pub_641
Muzeum przemysłowe miejskie,pub_642
Printed by Antonio González Reyes at the expense of Francisco Laso,pub_643
Guillermo Glindon,pub_644
St. Emmeram's Abbey,pub_645
Diocese of Basel,pub_646
Lyon,pub_647
Johann Bergmann,pub_648
Johann Schönsperger,pub_649
Sigmund Feyerabend,pub_650
Christopher Plantin,pub_651
Paul Frellon,pub_652
Krausiana,pub_653
Echeverría Brothers,pub_654
Joseph Fernandez de Buendia,pub_655
D. Antonio Espinosa de los Monteros,pub_656
Chicago Daily News,pub_657
American Motion Picture Corporation,pub_658
World Film,pub_659
25th Battery of the 3rd Colonial Artillery,pub_660
Illustrated London News,pub_661
J. Hogarth,pub_662
de Bry,pub_663
"Printed by the Uganda Company, Limited",pub_664
"George Allen and Co., Limited",pub_665
Press of the Universities' Mission to Central Africa,pub_666
EUY,pub_667
J. T. Bowen,pub_668
J.T. Bowen,pub_669
Lithography of Wild & Chevalier,pub_670
R. Wittig,pub_671
Lee & Walker,pub_672
G. André & Company,pub_673
"Edward L. Walker, William Hall & Son, George Oates, G.P. Reed & Company",pub_674
L. Meignen & Company,pub_675
Kennedy & Lucas's Lithography,pub_676
L.A. Godey & Company,pub_677
Childs or Childs & Inman,pub_678
C. G. Childs,pub_679
"Pendleton, Kearny & Childs",pub_680
Childs & Inman's Press,pub_681
Childs & Inman's Lithography,pub_682
Childs & Inman,pub_683
Childs & Inman Press,pub_684
R.H. Hobson,pub_685
M.E.D. Brown,pub_686
Childs & Inman Lithographers,pub_687
C.G. Childs & G. Lehman,pub_688
Lehman & Duval,pub_689
Lehman & Duval Lithography,pub_690
Lehman & Duval Lithographers,pub_691
P.S. Duval Lithography,pub_692
Sinclair Lithography,pub_693
F. Kuhl Lithography,pub_694
"Lithography of Pinkerton, Wagner & McGuigan",pub_695
Printed by F. Kuhl,pub_696
Artillery Corps of Philadelphia Greys,pub_697
Printed by Wagner & McGuigan,pub_698
Wagner & McGuigan's Lithography,pub_699
Lithography of Thomas Sinclair,pub_700
Sinclair's Lithography,pub_701
Evans,pub_702
P.S. Duval,pub_703
"Pinkerton, Wagner & McGuigan Lithography",pub_704
Lithography of Wagner & McGuigan,pub_705
Wagner & McGuigan,pub_706
W.H. Rease,pub_707
T. Sinclair's Lithography,pub_708
W. Stott's Lithography,pub_709
Lithography of T. Sinclair,pub_710
Wagner & McGuigan?,pub_711
Bryson & Cooper,pub_712
Lithography of F. Kuhl,pub_713
J. Childs,pub_714
J.C. Sidney,pub_715
Printed by T. Sinclair,pub_716
Lithography of Wagner & M'Guigan,pub_717
Printed by P. S. Duval,pub_718
Printed by P.S. Duval,pub_719
John N. Henderson,pub_720
Wagner & McGuigan Lithography,pub_721
A. Kollner's Lithography,pub_722
P.S. Duval & Company Lithography,pub_723
"William Spink, William Kneass & Philip R. Engard",pub_724
Thomas Sinclair,pub_725
Published by J.T. Bowen,pub_726
Printed by P. S. Duval Lithography,pub_727
A.D. Caldwell,pub_728
Thomas Sinclair's Lithography,pub_729
Brett's Lithography Press,pub_730
Job T. Williams,pub_731
Boell & Magee,pub_732
Printed by P.S. Duval & Son,pub_733
P.S. Duval & Son,pub_734
Chromolithography of M. H. Traubel,pub_735
Bowen & Company Lithography,pub_736
L.N. Rosenthal,pub_737
J.G. Simpson,pub_738
Printed by Herline & Company,pub_739
"Schnabel, Finkeldey & Demme's Lithography Institute",pub_740
L.N. Rosenthal Lithography,pub_741
George G. Heiss,pub_742
Lithography of A. Kollner,pub_743
Lithography of P.S. Duval & Company,pub_744
P. S. Duval & Company Lithography,pub_745
Stayman & Brother,pub_746
"P.S. Duval, Lithographer",pub_747
A. Kollners Lithography,pub_748
P.S. Duval & Son's Lithography,pub_749
Printed by Traubel & Company,pub_750
"L.N. Rosenthal, Lithographer",pub_751
P.S. Duval & Son Lithography,pub_752
A. Pharazin,pub_753
Herline & Company Lithography,pub_754
J.L. Magee and A. Pharazyn,pub_755
J.F. Watson's Lithography,pub_756
"Herline & Hensel, Lithographers",pub_757
Lithography of P.S. Duval & Son,pub_758
F. Bourquin & Company Lithography,pub_759
Hayes & Zell,pub_760
A. Easton's Lithography,pub_761
J. Marsh,pub_762
E. Ketterlinus,pub_763
Lithography by W.H. Rease,pub_764
Wagner & McGuigan's Steam Press,pub_765
B.S. Brown,pub_766
William Boell,pub_767
J.F. Watson Lithography,pub_768
Charles Baum,pub_769
T.S. Wagner's Lithography,pub_770
Barclay & Company,pub_771
Printed by J. Haehnlen,pub_772
J.L. Magee,pub_773
Othman ibn Abdul Manan,pub_774
Jacob Paucidrapii d Burgofranco,pub_775
Printed by Johannes Marion,pub_776
Printed by Sigismund Grim,pub_777
Melchiorre Sessa,pub_778
Hylaea,pub_779
Thomas Jefferys,pub_780
Sherman & Smith,pub_781
Leopold Gast & Brother,pub_782
J. Melish,pub_783
John Arrowsmith,pub_784
W. Faden,pub_785
WPA Federal Art Project,pub_786
"Pennsylvania Art Project, WPA",pub_787
"Federal Art Project, WPA",pub_788
A. Finley,pub_789
Robert Kennedy,pub_790
T. M. Fowler & James B. Moyer,pub_791
Gentleman’s Magazine,pub_792
S. Bott,pub_793
Ruger & Stoner,pub_794
J. J. Stoner,pub_795
Parovaia tipografia preemnikov O.D. Khodushinoi,pub_796
ROSTA,pub_797
Segodnyashnii Lubok,pub_798
RSFSR. State Publishing House,pub_799
Vilner ferlag fun B.A. Kletskin,pub_800
"Department of Education, St. Petersburg",pub_801
Rome Brothers,pub_802
Phillips & Taylor,pub_803
Shaikh Abdul Karim,pub_804
Mansoor Press,pub_805
Meera Meer Books,pub_806
Army Press,pub_807
Islamia Steem Press,pub_808
Rangeen Press,pub_809
Munshi Nool Kashor,pub_810
Dilgudaz Press,pub_811
Mujtabai Press,pub_812
Gulshan Faiz,pub_813
Delhi Printing Works,pub_814
Punjab Government Press,pub_815
Munshi Nol Kashor,pub_816
Parkash Steem Press,pub_817
Shudetang,pub_818
Zhou Yuejiao,pub_819
Yang Junlin at Sizhiguan,pub_820
Li Yongzhong,pub_821
Zhang Cunhui,pub_822
Wangzaoxuan,pub_823
Guo Xian'en,pub_824
Chen Zhi,pub_825
Jujintang,pub_826
Guangqitang,pub_827
Youyizhai,pub_828
Lu Jian,pub_829
Xiong Zhixue,pub_830
Xue Sancai,pub_831
Zhang Yuanji,pub_832
He Chao,pub_833
Monastery of San Lazzaro,pub_834
Paolo Bonacota,pub_835
Titi & Pauli de Dianis,pub_836
Monastery of Saint Antony,pub_837
Michael Zimmermann,pub_838
Typographia Medicea,pub_839
Johann Schwan,pub_840
Melchior Lotter d.J.,pub_841
Johann Fust,pub_842
Johannes Oporinus,pub_843
Bartholomaei Bonfadini,pub_844
Monastery of St. Ulrich and Afra (?),pub_845
H. Eggestein,pub_846
Brothers of the Common Life at Te Nazareth Gheprint,pub_847
Keikikaku,pub_848
Dar as-Salam Publishing,pub_849
Printed at the War Office,pub_850
Hodder and Stoughton,pub_851
Student Christian Movement,pub_852
"Longmans, Green & Company",pub_853
Hutchinson & Company,pub_854
Hutchinson & Co.,pub_855
Francis Griffiths,pub_856
Uganda Society,pub_857
Uganda Literary and Scientific Society,pub_858
Nicomedes Lora,pub_859
Printing House of Printing School,pub_860
Kiev Commission of Popular Readings,pub_861
Y. P. Fishgang Printing House,pub_862
Sementovskii Printing House,pub_863
S.V. Kul'zhenko,pub_864
М.А. Alexandrov Printing House,pub_865
Kiev Pechersk Lavra Press,pub_866
Governor’s Office,pub_867
I. Schetinkin and E. Martynov,pub_868
Publishing House of E. Cherepovskii,pub_869
N. I. Butkovskaya,pub_870
Union for the Liberation of Ukraine,pub_871
Pyotr Barskii,pub_872
Southwestern Branch of the Imperial Russian Geographic Society,pub_873
N. T. Korchak–Novitskii,pub_874
Public Interests Printing House,pub_875
A. I. Grosman,pub_876
Volosozhar,pub_877
I. Knebel,pub_878
Al-Dunkajiyya Press,pub_879
Augustinian Monastery of San Salvatore,pub_880
Academy of Arts and Society of Calligraphers,pub_881
Cultural Heritage Organization,pub_882
Mohammad-Ali Ashtyani,pub_883
Antonio Cruzado,pub_884
Juan Baptista de Montoya,pub_885
Antonio de Salamanca and Antonio Lafrery,pub_886
Jean Laet,pub_887
Juan Bautista Gargano and Lucrecio Nucci,pub_888
Ignacio Boix,pub_889
Arnao Guillén de Brocar,pub_890
F. de P. Mellado,pub_891
G. T. Korchak-Novitskii Printing House,pub_892
Konstantin Zhernakov Printing House,pub_893
Monastery of Saint Ioakim Osogovski-Sarandapor,pub_894
I︠A︡kov Kraĭkov,pub_895
Giambatista Albrizzi,pub_896
Arnold Buckinck,pub_897
Jean Aubry and Claude de Marne,pub_898
Heinrich Petri,pub_899
Luca-Antonio Giunta,pub_900
Ottaviano Scoto,pub_901
Benoît Bonyn,pub_902
Johann Grüninger,pub_903
H. Hall,pub_904
Vincenzo Valgrisi and Baldassare Costantini,pub_905
Johann Schott,pub_906
Cornelius of Zyrickzee,pub_907
Matteo Cancer,pub_908
Guillaume Huyon,pub_909
Johannes Janssonius van Waesberge and Vidua Elizei Weyerstraet,pub_910
Giovanni Monte and Ulrich Neuber,pub_911
Valentinus Curio,pub_912
White Star Line,pub_913
Belarusian Society of Bibliophiles,pub_914
A. Dvorzhets Printing House,pub_915
Russian Imperial Academy of Science,pub_916
Radzivill Printing House,pub_917
Publishing House of Hakob Meghapart,pub_918
Malik al-Kitāb,pub_919
Maṭbaʻ-i Muṣṭafāʼī-i Muḥammad Khān Muṣṭafá,pub_920
Dar Maṭbaʻ-i Dār al-Salṭanah-i Kābul,pub_921
Maṭbaʻ-i Dār al-Salṭanah-ʼi Kābul,pub_922
Bā bayārī-i Maṭbaʻ-i Sarkārī-i shahr-i Kābul-i gulgul bishkuft,pub_923
National Printing Office,pub_924
Waterlow and Sons,pub_925
McCorquodale and Company,pub_926
William M. Bradley and Company,pub_927
Eckert Lithographing Company,pub_928
G.W. and C.B. Colton and Company,pub_929
International Bureau of the American Republics,pub_930
United States. Adjutant-General's Office. Military Information Division,pub_931
George Philip & Son Limited,pub_932
Ordnance Survey Office,pub_933
"Engineer Reproduction Plant, U.S. Army",pub_934
Covens and Mortier,pub_935
Oxford University Press,pub_936
Johann Neumeister,pub_937
"Lorenzo Morgiani and Johannes Petri, for Piero Pacini da Pescia",pub_938
Fowler & Kelly,pub_939
Shiguange,pub_940
Sun You,pub_941
Rongyutang,pub_942
Dachengzhai,pub_943
Shuyetang,pub_944
Imperial Medical College,pub_945
Shangbaizhai,pub_946
Gulin Shutang,pub_947
Langxuanguan,pub_948
Ding Gongchen,pub_949
Yuan Jie,pub_950
Qixiutang,pub_951
"Lu Xiangpu, Sanjian Caotang",pub_952
Jiguge,pub_953
Pingbo,pub_954
Tingyitang,pub_955
National Highways Association,pub_956
German Peace Society,pub_957
Office of European Nationality,pub_958
Federated Malay States Government Printing Office,pub_959
Headley Brothers,pub_960
Naval Kishore Publishing House,pub_961
P.A. Huldberg,pub_962
A. Börtzells,pub_963
"Army Map Service, Corps of Engineers",pub_964
Freytag & Berndt,pub_965
William D. Ticknor,pub_966
Enrico Voghera,pub_967
Heer,pub_968
War Office,pub_969
Johann Baptist Homann,pub_970
C. Ohmann,pub_971
M. Lapie,pub_972
Johnson and Ward,pub_973
"Thomas, Cowperthwait & Company",pub_974
C. Picquet,pub_975
G.P. Putnam's Sons,pub_976
Fleming H. Revell Company,pub_977
P. Force,pub_978
T. Wardle,pub_979
Mason Brothers,pub_980
W. N. Hartshorn,pub_981
F. A. Stokes,pub_982
Muṣṭafawī Printing Press,pub_983
Fayḍ Muḥammadī Press,pub_984
Dār al-Salṭanah,pub_985
Trübner & Company,pub_986
"Sampson Low, Marston, Searle, and Rivington",pub_987
Griffith and Farran,pub_988
"Longman, Hurst, Rees, Orme, Brown, and Green",pub_989
R. J. Mitchell and Sons,pub_990
William H. Allen and Company,pub_991
Maṭbaʻ-i Jahanʹnamā,pub_992
M. Parpura,pub_993
Giovanni Giacomo de Rossi,pub_994
Pieter van der Aa,pub_995
Institut Geographique de Paris,pub_996
Gustava Barba,pub_997
Sagamiya Tahei,pub_998
Yao Yasutoyo (et al.),pub_999
Doyu koji,pub_1000
Asaino families,pub_1001
Urokogataya Sanzaemon,pub_1002
Nishimuraya Yohachi,pub_1003
Funaki Kasuke (et al.),pub_1004
Hayashi Jizaemon,pub_1005
Royal Printing Press of Kabul,pub_1006
Muṣṭafāʼī Publishing House,pub_1007
Maṭbaʻ-i Dīmūrūf,pub_1008
Royal Publishing House of Kabul,pub_1009
Matb-e Gulzar Husaini,pub_1010
Matb-e Brejis,pub_1011
Maṭbaʻ-i Dār al-Salṭanah-i Kābul,pub_1012
Andreola,pub_1013
Da’ud Sliwa,pub_1014
Bernardino dei Vitali,pub_1015
Al-Arab Printing House,pub_1016
Royal Serbian Publishing House,pub_1017
City Typographers,pub_1018
Book Publishing House of Constantinople Herald,pub_1019
Royal Serbian Typographers,pub_1020
Printing House of K.N. Radulesku,pub_1021
Typographers of Tadei Divichian,pub_1022
Tongsheng Photo Studio (Firm),pub_1023
W.H. Allen and Company,pub_1024
Blackie & Son,pub_1025
John Cary,pub_1026
Bellin,pub_1027
Bibliographisches Institut Leipzig,pub_1028
James Wyld,pub_1029
Didot,pub_1030
G. A. Kuklin,pub_1031
Synod Press,pub_1032
Government Press,pub_1033
Partnership of Typesetters. A. A. Levenson,pub_1034
P. P. Soikin Printing House,pub_1035
Land survey drawing company,pub_1036
Al-Maṭba‘a al-Adabīya,pub_1037
Université Saint-Joseph,pub_1038
Muhandis-khāna Press,pub_1039
Al-Hamīdiyyah Press,pub_1040
Americans’ Printing House,pub_1041
al-Jawa’ib Press,pub_1042
Catholic Press,pub_1043
Al-Adab Press,pub_1044
Amiriyah Press,pub_1045
Muqtataf Press,pub_1046
Muḥammad Musṭafā Press,pub_1047
Dar al-Hilal Printing House,pub_1048
Bulaq Press,pub_1049
Al-Adabiyah Press,pub_1050
al-‘Umumiyah Press,pub_1051
Al-Khayriyah Press,pub_1052
al-Ma'arif Press,pub_1053
American Press,pub_1054
Maṭbaʻat al-Hilāl,pub_1055
Maṭbaʻat al-Shaʻb,pub_1056
Matbaʻat al-Abāʼ al-Yasuʻīyyīn,pub_1057
al-Ahliyah Press,pub_1058
Al-Taraqqi Press,pub_1059
al-Sa’adah Press,pub_1060
al-Masbah Press,pub_1061
al-Mimniyah Press,pub_1062
al-Hilāl,pub_1063
Al-Sharafīya Publishing House,pub_1064
Maṭbaʻat al-Maḥmūdīya Publishing House,pub_1065
Al-Sufūr Printing House,pub_1066
Maṭbaʻat al-khayrīyah,pub_1067
Maṭbaʻat al-qāhira al-ḥurra,pub_1068
Jarīdat Bayrut Press,pub_1069
al-Maktabah al-Tijariyah al-Kubra Press,pub_1070
Al-Hilal Press,pub_1071
Nile Press,pub_1072
Dar al-Kutub al-‘Arabiyah al-Kubra Press,pub_1073
ʻĀmarah Press,pub_1074
al-Maṭbaʻah al-Kubrá al-Amīrīyah,pub_1075
Jamāliyah Press,pub_1076
Al-Bahā’ Press,pub_1077
Salafiyah Press,pub_1078
Firmin-Didot,pub_1079
Geographisches Institut,pub_1080
Office of the Chief of Engineers,pub_1081
Jackson & Wyndham,pub_1082
"Letts, Son & Company",pub_1083
Dār al-Ṭabaʻāt-i Āstānah-i Muqaddasah,pub_1084
Matbh-e Fakhri,pub_1085
Matbh-e Islamiya,pub_1086
Sarkāṛī Printing Press,pub_1087
Shams Al-Nahār Press,pub_1088
German Publishing House,pub_1089
D'Anville,pub_1090
Survey of Egypt,pub_1091
Reich Office,pub_1092
Ufficio Nautico Marconi,pub_1093
Robert de Vaugondy,pub_1094
Matba-e Hurufi Dar al-Saltana-e,pub_1095
Matba-e Ghulam Hasan,pub_1096
Afghanistan Academy of Sciences and Center for Language and Literature,pub_1097
Autonomous Directorate of Publications,pub_1098
"Parry, Blenkarn and Company",pub_1099
Richard Bentley and Son,pub_1100
"Chapman and Hall, Limited",pub_1101
"Longmans, Green, and Company",pub_1102
Behari Lal,pub_1103
Britton and Rey,pub_1104
Poole Brothers,pub_1105
Marsh and Grant,pub_1106
Julius Bien and Company Lithography,pub_1107
David O. Haynes,pub_1108
Farwest Lithograph and Printing,pub_1109
E. Weber,pub_1110
Geological Survey (United States),pub_1111
Junzhai Gushu,pub_1112
Guweitang,pub_1113
Guangqin Shutang,pub_1114
Tea-Salt Commission of the Eastern Zhejiang Jurisdiction,pub_1115
"Transport Division, Jiangxi Circuit",pub_1116
Rixintang of Gao Family,pub_1117
"Lanxuetang, Huajian, Xishan",pub_1118
Na Chieftainship of the Yi people,pub_1119
Wu Weizhong,pub_1120
Li Yu,pub_1121
Yu Family School,pub_1122
Cuiwen Shuwu,pub_1123
"Mao Jin, Jiguge",pub_1124
Lin'an Prefecture,pub_1125
"Chen Renzi, Dongshan Shuyuan",pub_1126
Zhang Dingsi,pub_1127
Ministry of Information and Culture and Union of the Writers of the Democratic Republic of Afghanistan,pub_1128
Publisher,pub_1129
