Place,place_id
North America ,0
 United States of America ,1
 Maryland ,2
 Antietam,3
Latin America and the Caribbean ,4
 Bolivia ,5
 La Paz,6
East Asia ,7
 Japan ,8
 Hokkaido|Europe ,9
 Russian Federation ,10
 Sakhalin Oblast ,11
 Kuril Islands,12
 Japan,13
 Colombia ,14
 Valle del Cauca ,15
 Buenaventura,16
 Bahamas|Latin America and the Caribbean ,17
 Cuba|North America ,18
 Florida,19
World,20
 New York ,21
 New York,22
 District of Columbia ,23
 Washington,24
Middle East and North Africa ,25
 Tunisia,26
 China|East Asia ,27
 Japan|Europe ,28
 Amur Oblast|Europe ,29
" Buryatia, Republic of",30
 Tokyo ,31
 Iwo Jima|North America ,32
 United States of America,33
 Canada|North America ,34
Latin America and the Caribbean,35
Central and South Asia ,36
 India ,37
 Goa,38
 Canada ,39
 New Brunswick|North America ,40
 Nova Scotia|North America ,41
 Maine|North America ,42
 Massachusetts|North America ,43
 New Hampshire,44
 Dominica ,45
 Saint David ,46
 Rosalie,47
 Amur Oblast,48
Europe ,49
 Finland,50
Europe,51
Africa ,52
 Mali ,53
 Tombouctou,54
Latin America and the Caribbean|North America,55
 Khabarovsk Krai ,56
 Khabarovsk,57
 Arkhangelsk Oblast,58
Middle East and North Africa,59
 Astrakhan Oblast,60
 Austria|Europe ,61
 Hungary,62
 Germany|North America ,63
 Lithuania,64
 Brazil ,65
 Rio de Janeiro ,66
 Niterói,67
 China ,68
 Beijing ,69
 Beijing,70
 Moldova,71
 Armenia|Middle East and North Africa ,72
 Turkey,73
 Brazil,74
 United Kingdom of Great Britain and Northern Ireland|World,75
 South Africa,76
 Argentina|Latin America and the Caribbean ,77
 Chile,78
Africa,79
 Liaoning Province|East Asia ,80
 Shandong Province|East Asia ,81
 Democratic People's Republic of Korea|East Asia ,82
 Republic of Korea,83
Oceania and the Pacific ,84
 Australia,85
 Costa Rica|Latin America and the Caribbean ,86
 Nicaragua,87
 Bahrain|Middle East and North Africa ,88
 Jordan|Middle East and North Africa ,89
 Saudi Arabia,90
 Democratic Republic of the Congo,91
 Kirov Oblast ,92
 Viatka,93
 Vologda Oblast,94
 Mexico|North America ,95
 Ecuador ,96
 Galápagos,97
" Buryatia, Republic of|Europe ",98
 Irkutsk Oblast|Europe ,99
 Krasnoyarsk Krai|Europe ,100
 Novosibirsk Oblast|Europe ,101
 Omsk Oblast|Europe ,102
 Sakha (Yakutiya) Republic|Europe ,103
 Tomsk Oblast|Europe ,104
 Tyumen Oblast|Europe ,105
 Yamalo-Nenetskiy Autonomous Okrug,106
 Russian Federation|Europe ,107
 Ukraine,108
 Chukotka Autonomous Okrug|Europe ,109
 Kamchatka Krai,110
 Colombia,111
 Espírito Santo ,112
 Domingos Martins|Latin America and the Caribbean ,113
 Rio Novo do Sul|Latin America and the Caribbean ,114
 Santa Leopoldina,115
 Hokkaido,116
 Brazil|Latin America and the Caribbean ,117
 Paraguay,118
 Cuba,119
 New Mexico,120
 Egypt,121
 California ,122
 Nipomo,123
Southeast Asia ,124
 Philippines,125
 Vologda Oblast ,126
 Totma,127
 Ukraine ,128
 Dnipropetrovs'ka Oblast,129
 Sakha (Yakutiya) Republic,130
 Krasnoyarsk Krai,131
 Cuba|Latin America and the Caribbean ,132
 Dominican Republic|Latin America and the Caribbean ,133
 Haiti,134
 Azerbaijan|Middle East and North Africa ,135
 Turkey ,136
 Iğdır Province,137
 Albania|Europe ,138
 Bosnia and Herzegovina|Europe ,139
 Bulgaria|Europe ,140
 Greece|Europe ,141
 Serbia,142
 Russian Federation|North America ,143
 Alaska,144
Antarctica,145
 Irkutsk Oblast,146
Africa|Middle East and North Africa,147
 Russian Federation,148
" Iran, Islamic Republic of",149
" Buryatia, Republic of ",150
 Gusinoye Ozero,151
 Ireland,152
 Mexico ,153
 Texcoco de Mora,154
 Pennsylvania ,155
 Philadelphia,156
 Baltimore|North America ,157
 Virginia ,158
 Charlottesville,159
 Omsk Oblast ,160
 Bol'sherech'e,161
 Ivolginsk,162
 United Kingdom of Great Britain and Northern Ireland|North America ,163
 Virginia,164
 France,165
 China|Europe ,166
 Khabarovsk Krai,167
 Chukotka Autonomous Okrug,168
 Mongolia|Europe ,169
 Sakhalin Oblast,170
 Khabarovsk Krai|Europe ,171
 Sakhalin Oblast|North America ,172
 Kamchatka Krai|North America ,173
 Tomsk Oblast,174
 Tyumen Oblast,175
 Tyumen Oblast ,176
 Tobol'sk,177
 California,178
 Spain,179
 Israel ,180
 Jerusalem,181
 Minas Gerais,182
 Bolivia|Latin America and the Caribbean ,183
 Colombia|Latin America and the Caribbean ,184
 Ecuador|Latin America and the Caribbean ,185
 Peru,186
 India,187
 Chile|Latin America and the Caribbean ,188
 Paraguay|Latin America and the Caribbean ,189
 Uruguay,190
 Belize|Latin America and the Caribbean ,191
 El Salvador|Latin America and the Caribbean ,192
 Guatemala|Latin America and the Caribbean ,193
 Honduras|Latin America and the Caribbean ,194
 Chiapas|Latin America and the Caribbean ,195
 Germany,196
 Israel|Middle East and North Africa ,197
 Lebanon ,198
 Al-Biqāʻ ,199
 Baʻlabakk|Middle East and North Africa ,200
 Syrian Arab Republic,201
 Liberia|Africa ,202
 Sierra Leone,203
 Mexico|Latin America and the Caribbean ,204
 Nicaragua|Latin America and the Caribbean ,205
 Uruguay|North America ,206
Central and South Asia|Oceania and the Pacific ,207
 Arkhangelsk Oblast ,208
 Solovetski Islands,209
 Ferapontovo,210
 Spain|Latin America and the Caribbean ,211
 Florida|North America ,212
 Texas,213
 Portugal|Europe ,214
 France ,215
 French Guiana|Latin America and the Caribbean ,216
 Guyana|Latin America and the Caribbean ,217
 Suriname,218
 Guangdong Province,219
 Guatemala,220
 Norway ,221
 Rogaland,222
 Yunnan Province,223
 Panama,224
 Rio de Janeiro,225
 Chile ,226
 Biobío ,227
 Concepción,228
 Distrito Federal ,229
 Mexico City,230
 Novosibirsk Oblast,231
 Nebraska ,232
 Macy,233
 Petrópolis,234
 Italy,235
 United Kingdom of Great Britain and Northern Ireland,236
 Florida ,237
 Saint Augustine,238
 North Carolina ,239
 Cherryville,240
 Shafter,241
 Taiwan,242
 Iraq,243
 Philippines ,244
 Manila ,245
 Manila,246
 Massachusetts ,247
 Boston,248
 Afghanistan|Central and South Asia ,249
 India|Central and South Asia ,250
 Pakistan,251
 Bahia ,252
 Salvador,253
 Trinidad and Tobago|Latin America and the Caribbean ,254
 Venezuela (Bolivarian Republic of),255
 Washington|Southeast Asia ,256
 Viet Nam,257
 Quebec,258
 Albania ,259
 Gjirokastër ,260
 Tepelenë,261
 Albania,262
 Belgium,263
 Angola|Africa ,264
 Mozambique,265
 Argentina ,266
 Buenos Aires|Latin America and the Caribbean ,267
 Potosí|Latin America and the Caribbean ,268
 Peru|Latin America and the Caribbean ,269
 Argentina,270
 Buenos Aires,271
 Artvin Province ,272
 Artvin,273
Europe|Oceania and the Pacific ,274
 Germany|Europe ,275
 Italy|Europe ,276
 Slovenia|Europe ,277
 Switzerland,278
 Slovakia,279
 Barbados,280
 Belarus,281
 Belarus ,282
 Vitsyebskaya Voblasts ,283
 Verkhnyadzvinsk,284
 Vitebsk,285
 Polotsk,286
 Armenia,287
 Bulgaria ,288
 Gabrovo,289
 Lithuania ,290
 Trakai,291
 Žemaitija,292
 Kaunas,293
 Belize,294
 Benin|Europe ,295
 Martinique,296
 Ethiopia|Africa ,297
 Madagascar|Africa ,298
 Sao Tome and Principe|Europe ,299
 Brazil|North America ,300
 Brunei Darussalam|Southeast Asia ,301
 Indonesia|Southeast Asia ,302
 Malaysia,303
 Bulgaria,304
 Maine,305
 Canada,306
Europe|North America ,307
 Quebec ,308
 Montréal,309
 Ontario|North America ,310
 China,311
 Henan Province ,312
 Anyang,313
 Azerbaijan ,314
 Saatli,315
 Mugan Steppe ,316
 Grafovka,317
 Mugan Steppe,318
 Petropavlovskoe,319
 Cambodia|Southeast Asia ,320
 Lao People's Democratic Republic|Southeast Asia ,321
 Thailand|Southeast Asia ,322
 Myanmar|Southeast Asia ,323
 Jiangsu Province,324
 Georgia,325
 India|East Asia ,326
 Tibet,327
 Congo,328
 Burundi|Africa ,329
 Cameroon|Africa ,330
 Congo|Africa ,331
 Democratic Republic of the Congo|Africa ,332
 Equatorial Guinea|Africa ,333
 Gabon|Africa ,334
 Kenya|Africa ,335
 Rwanda|Africa ,336
" Tanzania, United Republic of|Africa ",337
 Uganda|Europe ,338
 Sudan|Africa ,339
 Uganda,340
 Croatia ,341
 Rijeka,342
 Opatija,343
 Ukmergė,344
 Cuba ,345
 Havana ,346
 Havana,347
 Cyprus,348
 Denmark,349
 United Kingdom of Great Britain and Northern Ireland|Latin America and the Caribbean ,350
 Guayas ,351
 Guayaquil,352
 Iraq ,353
 Baghdad ,354
 Baghdad,355
 Estonia|Europe ,356
 Commonwealth of Northern Mariana Islands|Oceania and the Pacific ,357
 Palau,358
 Micronesia (Federated States of) ,359
 Kosrae,360
 Finland|Europe ,361
 Île-de-France ,362
 Paris,363
 France|Europe ,364
 Lourdes,365
 Georgia ,366
 Chakva,367
 Abkhazia ,368
 Gagra,369
 Greece,370
 Grenada,371
 Guatemala ,372
 Izabal ,373
 Quiriguá,374
 Guyana|Oceania and the Pacific ,375
 Panevėžys ,376
 Upyte,377
 Bangladesh|Central and South Asia ,378
 Bhutan|Central and South Asia ,379
 Nepal|Central and South Asia ,380
 Pakistan|Central and South Asia ,381
 Sri Lanka,382
 Uttar Pradesh ,383
 Vārānasi,384
 Spain|Southeast Asia ,385
 Indonesia ,386
 Maluku|Southeast Asia ,387
 Java,388
 Yogyakarta,389
 Iraq|Middle East and North Africa ,390
 Uganda ,391
 Western,392
 Sacatepéquez,393
 Guerrero ,394
 Zumpango del Río,395
 Israel,396
 Italy ,397
 Veneto ,398
 Venice,399
 Germany ,400
 Frankfurt am Main,401
 Sweden ,402
 Stockholm County ,403
 Stockholm,404
 Jamaica,405
 Jordan ,406
 Amman ,407
 Amman,408
 Kazakhstan ,409
 Qaraghandy Oblast ,410
 Betpak-Dala,411
 Sverdlovsk Oblast ,412
 Serov,413
 Kazakhstan,414
 Kenya,415
 French Polynesia|Latin America and the Caribbean ,416
 Chile|North America ,417
 United States of America|Oceania and the Pacific ,418
 Kiribati,419
 Republic of Korea ,420
 Seoul,421
 Veracruz ,422
 Zempoala,423
 Latvia ,424
 Daugavpils,425
 Latvia|Europe ,426
 Beirut,427
 Liberia,428
 Vilnius,429
 Solomon Islands,430
 Nauru,431
 Kiribati|Oceania and the Pacific ,432
 Oaxaca ,433
 Santa María Ixcatlán,434
 Kimzha,435
 China|Southeast Asia ,436
 Zabaykalsky Krai,437
 Mali|World,438
 Mali,439
 United Kingdom of Great Britain and Northern Ireland|Oceania and the Pacific ,440
Latin America and the Caribbean|Latin America and the Caribbean ,441
 Portugal,442
" Iran, Islamic Republic of|Central and South Asia ",443
 Hebei Province|East Asia ,444
 Inner Mongolia,445
 Mali|Africa ,446
 Mauritania|Middle East and North Africa ,447
 Algeria|Middle East and North Africa ,448
 Morocco,449
 Mauritius,450
 Poland|Europe ,451
 Madagascar,452
 Romania,453
 Montenegro,454
 Peru ,455
 Arequipa,456
 Lima ,457
 Lima,458
 New Zealand,459
 New Zealand ,460
 Rotorua,461
 Mexico,462
" Karelia, Republic of ",463
 Kizhi,464
 Lyadiny,465
 Puebla ,466
 Cholula,467
 Arkhangelsk Oblast|Europe ,468
 Kamchatka Krai|Europe ,469
 Magadan Oblast|Europe ,470
 Murmansk Oblast|Europe ,471
 Myanmar,472
 Poland ,473
 Mazowieckie ,474
 Warsaw,475
 Morocco ,476
 Tangier,477
 Kazakhstan|Central and South Asia ,478
 Kyrgyzstan|Central and South Asia ,479
 Tajikistan|Central and South Asia ,480
 Turkmenistan|Central and South Asia ,481
 Uzbekistan|Europe ,482
 Belgium|Europe ,483
 Netherlands|Latin America and the Caribbean,484
Latin America and the Caribbean|North America|Oceania and the Pacific ,485
 Chiapas,486
 Norway|Europe ,487
 Sweden,488
 United Kingdom of Great Britain and Northern Ireland ,489
 England ,490
 London,491
 Tyumen',492
 Mauritius|Africa ,493
 Senegal ,494
 Dakar,495
 Perm Krai ,496
 Solikamsk,497
 Nîmes|Europe ,498
 Languedoc-Roussillon ,499
 Béziers|Europe ,500
 Spain ,501
 Andalucía ,502
 Seville,503
 Tunisia ,504
 Tunis,505
 Singapore,506
" Tanzania, United Republic of ",507
 Dar es Salaam,508
 South Africa ,509
 Kimberley,510
 Viet Nam ,511
 Thanh Pho-Ho Chi Minh ,512
 Thành Phố Hồ Chí Minh,513
 Zanzibar Urban/West ,514
 Zanzibar,515
 Zimbabwe,516
 Zambia|Africa ,517
 Zimbabwe ,518
 Bulawayo,519
 Matabeleland North,520
 Saudi Arabia ,521
 Makkah ,522
 Mecca,523
" Karelia, Republic of",524
 Western Cape,525
 Samoa,526
 Kwazulu-Natal ,527
 Pietermaritzburg,528
 Istanbul,529
 Sudan|Europe ,530
 United Kingdom of Great Britain and Northern Ireland|Middle East and North Africa ,531
 Venezuela (Bolivarian Republic of) ,532
 Caracas,533
 Switzerland ,534
 Geneva,535
 Lucerne,536
 Tajikistan,537
Europe|Europe ,538
 Rhineland Palatinate ,539
 Mainz,540
 Tajikistan ,541
 Sughd ,542
 Khujand,543
 Turkmenistan ,544
 Mary ,545
 Bayramaly,546
 Iolotan',547
 Farab,548
 Uzbekistan ,549
 Buxoro Viloyati ,550
 Bukhara,551
 Crimea ,552
 Alupka,553
 Crimea,554
 Samarqand Viloyati ,555
 Samarkand,556
 Grenada|North America ,557
 Saint Kitts and Nevis,558
 Scotland,559
 Andorra|Europe ,560
 San Marino,561
 Antigua and Barbuda ,562
 Saint John,563
 Bosnia and Herzegovina,564
 Botswana|Africa ,565
 South Africa|Africa ,566
 Burkina Faso,567
 Cameroon,568
 Cape Verde|Africa ,569
 Gambia|Africa ,570
 Senegal|Europe ,571
 Canary Islands,572
 Central African Republic|Africa ,573
 Chad ,574
 Ouaddaï|Africa ,575
 Niger|Africa ,576
 Nigeria|Africa ,577
 Sudan,578
 Côte d’Ivoire,579
 Czech Republic|Europe ,580
 Slovakia|North America ,581
 Djibouti,582
 St. John,583
 Antigua and Barbuda,584
 Eritrea|Africa ,585
 Senegal,586
 Ghana,587
 Guinea|Europe ,588
 Guinea-Bissau,589
 Tétouan,590
 Lesotho,591
 Cherdynʹ,592
 Luxembourg,593
 Malawi,594
 Madagascar|Central and South Asia ,595
 Maldives|Central and South Asia ,596
 Sri Lanka|East Asia ,597
 Malaysia|Southeast Asia ,598
 Moldova|Europe ,599
 Odes'ka Oblast,600
 Monaco,601
 Namibia,602
 Bosnia and Herzegovina ,603
 Jajce,604
 Nigeria ,605
 Ogun ,606
 Abeokuta,607
 Sør-Trøndelag ,608
 Trondheim,609
 Trinidad and Tobago,610
 Barbados|Latin America and the Caribbean ,611
 Saint Lucia|Latin America and the Caribbean ,612
 Saint Vincent and the Grenadines,613
 Montenegro ,614
 Cetinje,615
 Slovenia ,616
 Carniola,617
 Somalia,618
 Swaziland,619
 Ghana|Africa ,620
 Togo,621
 American Samoa|Oceania and the Pacific ,622
 Marshall Islands,623
 Micronesia (Federated States of),624
 Poland,625
 Belarus|Europe ,626
 Lithuania|Europe ,627
 Leningrad Oblast,628
 Saint Petersburg ,629
 Saint Petersburg,630
 Estonia,631
 Latvia,632
 Kursk Oblast|Europe ,633
 Voronezh Oblast,634
 Vladimir Oblast,635
 Penza Oblast,636
 Kirov Oblast,637
 Orenburg Oblast,638
 Ryazan Oblast,639
 Kaluga Oblast,640
 Oryol Oblast,641
 Samara Oblast,642
 Saratov Oblast,643
" Tatarstan, Republic of",644
 Nizhny Novgorod Oblast,645
 Kostroma Oblast,646
 Krasnodar Krai,647
 Yaroslavl Oblast,648
 Stavropol Krai,649
 Azerbaijan,650
 Russian Federation|Middle East and North Africa ,651
" Dagestan, Republic of|Middle East and North Africa ",652
 Smolensk Oblast,653
 Novgorod Oblast,654
 Pskov Oblast,655
 Tver Oblast,656
 Ulyanovsk Oblast,657
 Tambov Oblast,658
 Tula Oblast,659
 Moscow Oblast,660
 Perm Krai,661
 Taiwan ,662
 Taipei,663
 Bahia|Latin America and the Caribbean ,664
 Pernambuco,665
 Rondônia,666
 Rio de Janeiro|Latin America and the Caribbean ,667
 Santa Catarina,668
 Pará,669
 São Paulo ,670
 Santos,671
 São Paulo,672
 Australia|Southeast Asia ,673
 Indonesia,674
 Amapá ,675
 Macapa,676
 Mato Grosso ,677
 Cuiabá,678
 Bahia,679
 Maranhão ,680
 Sao Luís do Maranhao,681
 Nyrob,682
 Mato Grosso,683
 Angola ,684
 Luanda,685
 Mozambique|Europe ,686
 Malaysia ,687
 Malacca,688
 Portugal|Oceania and the Pacific ,689
 India|Europe ,690
 Chaul|Europe ,691
 Belgium ,692
 Flanders ,693
 Antwerp|Europe ,694
 Netherlands,695
 Netherlands|Southeast Asia ,696
 Wallonia ,697
 Ath,698
 French Guiana ,699
 Cayenne,700
 Denmark|Europe ,701
 Benguela,702
 Saint-Cloud,703
 Paris|Europe ,704
 Paris ,705
 Place Vendôme,706
 Asnières-sur-Seine,707
 Neuilly-sur-Seine,708
 Nova Friburgo,709
 Cruzeiro,710
 Paraná,711
 Minas Gerais ,712
 Passa Quatro,713
 Três Corações,714
 Paraná ,715
 Piraquara,716
 Curitiba,717
 Mississippi,718
 Tennessee,719
 Massachusetts,720
 South Carolina,721
 California|North America ,722
 New Jersey,723
 Delaware,724
 United States of America|North America ,725
 Illinois,726
 Alaska|North America ,727
 Arkansas|North America ,728
 Ohio,729
 Indiana,730
 Connecticut,731
 Louisiana,732
 Missouri,733
 Nunavut|North America ,734
 Pennsylvania,735
 Sweden|North America ,736
 Kentucky,737
 Rhode Island,738
 Bavaria|North America ,739
 Passa Vinte,740
 Pernambuco ,741
 Recife,742
 U.S. Virgin Islands ,743
 Saint Thomas,744
 Xinjiang Uyghur Autonomous Region ,745
 Hami,746
 Gansu Province ,747
 Lanzhou,748
 Hubei Province ,749
 Wuhan,750
 Hubei Province,751
 Gansu Province,752
 Shanghai,753
 Mongolia,754
 Illinois|North America ,755
 Minnesota|North America ,756
 Alabama,757
 Ouro Preto,758
 Nova Lima,759
 Lagoa Santa,760
 Diamantina,761
 Bom Jesus de Lapa,762
 Capim Grosso,763
 Alagoas,764
 Yangloudong,765
 Shyghys Kazakhstan Oblast ,766
 Zaysan,767
 Xinjiang Uyghur Autonomous Region,768
 Barkol,769
 Jiuquan,770
 Zhangye,771
 Yongchang,772
 Shaanxi Province ,773
 Lüeyang,774
 Hanzhong,775
 Yangxian,776
 Junxian,777
 Xiangfan,778
 Xianning,779
 Tianjin ,780
 Tianjin,781
 Hebei Province ,782
 Zhangjiakou,783
 Mongolia ,784
 Central Province ,785
 Ulaanbaatar,786
 England|North America ,787
 France|North America ,788
 Zhejiang Province ,789
 Hangzhou,790
 Henan Province|East Asia ,791
 Shanxi Province,792
 Quyang,793
 Tuvalu,794
 Sikkim|Central and South Asia ,795
 Nepal|East Asia ,796
 Nepal,797
 Nepal ,798
 Western ,799
 Lumbini,800
 Gurkha,801
 Turkmenistan|East Asia ,802
 Mauritius|Middle East and North Africa ,803
 Yemen|North America ,804
 Namibia|Africa ,805
 Togo|East Asia ,806
 Shandong Province ,807
 Jiaozhou|Europe ,808
 Germany|Oceania and the Pacific ,809
 Palau|Oceania and the Pacific ,810
 Papua New Guinea|Oceania and the Pacific ,811
 Bangladesh ,812
 Dhaka,813
 Bhutan|Europe ,814
 Andaman and Nicobar Islands|Europe ,815
 United Kingdom of Great Britain and Northern Ireland|Southeast Asia ,816
 Hong Kong|Europe ,817
 Papua New Guinea,818
 Seychelles,819
 Seychelles|Central and South Asia ,820
 Sri Lanka|Europe ,821
 France|Middle East and North Africa ,822
 Yemen|Southeast Asia ,823
 Portugal|Southeast Asia ,824
 Timor-Leste,825
 Sri Lanka|Central and South Asia ,826
 Uzbekistan|Middle East and North Africa ,827
 Saudi Arabia|Southeast Asia ,828
Middle East and North Africa|Middle East and North Africa ,829
 Afghanistan,830
 Equatorial Guinea|Europe ,831
 Uzbekistan,832
" Iran, Islamic Republic of ",833
 Eşfahān,834
 Baʻlabakk,835
 Le'an County,836
 Libya ,837
 Tripoli,838
 Algeria ,839
 Algiers ,840
 Algiers,841
 Sukhumi,842
 Yuzhno Kazakhstan ,843
 Turkestan,844
 Kyrgyzstan,845
 Pianteg,846
 Jiangxi Province ,847
 Jiujiang,848
 Fujian Province|East Asia ,849
 Uzbekistan|World,850
 Syrian Arab Republic ,851
 Damascus,852
 Yemen ,853
 Ṣanʻāʼ,854
 Turkmenistan,855
 Sūsah,856
 Huzhou,857
 Licheng,858
Central and South Asia,859
 al-Qayrawān,860
 Aden,861
 Al Madīnah ,862
 Medina|Middle East and North Africa ,863
 Benin,864
 Egypt|Middle East and North Africa ,865
 Sudan|Middle East and North Africa ,866
 South Sudan|Africa ,867
 Yemen,868
 Nigeria|Europe ,869
 Mauritania,870
 Comoros|Africa ,871
 Madagascar|East Asia ,872
 Hungary|Europe ,873
 Eritrea|Europe ,874
 Eritrea,875
 Ethiopia|Central and South Asia ,876
 Sri Lanka|Middle East and North Africa ,877
 Malawi|Africa ,878
" Tanzania, United Republic of",879
 Rwanda,880
 Suksun,881
 Mozambique|Africa ,882
 Kigoma ,883
 Ujiji,884
 Estonia ,885
 Saaremaa Island|Europe ,886
 Denmark ,887
 Faroe Islands|Europe ,888
 Iceland,889
 Greenland|Europe ,890
 Iceland|North America,891
 Iceland|Europe ,892
 Jan Mayen Island|North America ,893
 Newfoundland and Labrador,894
 Romania|Europe ,895
 Malta|Europe ,896
 Spain|World,897
 Benin|Africa ,898
 Burkina Faso|Africa ,899
 Côte d’Ivoire|Africa ,900
 Guinea|Africa ,901
 Guinea-Bissau|Africa ,902
 Mauritania|Africa ,903
 Sao Tome and Principe|Africa ,904
 Senegal|Africa ,905
 Sierra Leone|Africa ,906
 Kiev,907
 Ukraine|North America ,908
 Former Yugoslav Republic of Macedonia ,909
 Bitola,910
 Czech Republic,911
 Östergötland County ,912
 Vadstena,913
 Greece ,914
 Thessaloniki,915
 Copenhagen,916
 Helsingborg,917
 Serbia ,918
 Belgrade,919
 Njeguši,920
 Hordaland ,921
 Bergen,922
 Oslo,923
 Hordaland,924
 Skåne County ,925
 Malmö,926
 Svalbard ,927
 Spitsbergen,928
 Norway,929
 Czech Republic ,930
 Prague,931
 Sarajevo,932
 Republika Srpska ,933
 Višegrad,934
 Hungary ,935
 Budapest,936
 Špindlerův Mlýn,937
 Ustecky ,938
 Decin,939
 Huexotzinco,940
 Baja California|North America ,941
 Bosnia and Herzegovina|Middle East and North Africa,942
Central and South Asia|Middle East and North Africa,943
 France|Latin America and the Caribbean|Oceania and the Pacific,944
 Fiji|Oceania and the Pacific ,945
 Tonga|Oceania and the Pacific ,946
 Vanuatu|World,947
 Pakistan|Middle East and North Africa ,948
 Republic of Korea|World,949
 Guerrero,950
 Kuwait|Middle East and North Africa ,951
 Oman|Middle East and North Africa ,952
 Qatar|Middle East and North Africa ,953
 Saudi Arabia|Middle East and North Africa ,954
 Syrian Arab Republic|Middle East and North Africa ,955
 United Arab Emirates|Middle East and North Africa ,956
 Connecticut ,957
 New Haven,958
 Normandy|North America ,959
 British Columbia|North America ,960
 Tennessee ,961
 Nashville,962
 Arizona,963
 Montana,964
 Colorado,965
 Wyoming,966
 Edison,967
 Arizona ,968
 Buckeye,969
 Alabama ,970
 Tuskegee,971
 Hayward,972
 Topock,973
 Montana ,974
 Noxon,975
 Manassas,976
 Vermont ,977
 Burlington,978
 New Jersey ,979
 Trenton,980
 Michigan|North America ,981
 Bolivia,982
 Oruro,983
 Ottawa,984
 Costa Rica ,985
 San José,986
 Cartago,987
 Costa Rica,988
 Quito,989
 Otavalo,990
 El Salvador,991
 Guyana,992
 Honduras,993
 Sinaloa ,994
 Mazatlán,995
 Oaxaca,996
 Cuzco,997
 Saint Lucia,998
 Hawaii,999
 Miranda ,1000
 San Francisco de Yare,1001
 Zulia,1002
 Curiepe,1003
 Lara,1004
 Germany|Latin America and the Caribbean ,1005
 Yucatán,1006
 Cambridge,1007
 Misiones|Latin America and the Caribbean ,1008
 Egypt ,1009
 Cairo,1010
" Tanzania, United Republic of|Central and South Asia ",1011
 China|Latin America and the Caribbean ,1012
 Peru|Middle East and North Africa ,1013
 Oman|Southeast Asia ,1014
 Viet Nam|World,1015
 Uinskoe,1016
 Sumatera Utara,1017
 Sulawesi Selatan ,1018
 Makassar,1019
 Surakarta,1020
 Jakarta,1021
 Java ,1022
 Pasuruan,1023
 Central Java,1024
 West Java ,1025
 Bandung,1026
 Djibouti|Africa ,1027
 Somalia|Africa ,1028
 Zambia|Europe ,1029
 Tokyo,1030
 Kyoto,1031
 Mysore,1032
 Vatican City,1033
 Cádiz|Latin America and the Caribbean ,1034
" Madrid, Comunidad de ",1035
 Madrid|Latin America and the Caribbean ,1036
 Tlaxcala,1037
 Iguala,1038
 Italy|Latin America and the Caribbean ,1039
 Morelos ,1040
 Ayala,1041
 Bosnia and Herzegovina|Middle East and North Africa ,1042
 Afghanistan|Europe ,1043
 Afghanistan|Middle East and North Africa ,1044
 Washington|North America ,1045
 Berlin ,1046
 Berlin,1047
 Ukraine|Middle East and North Africa ,1048
 Free State ,1049
 Bethlehem,1050
 Clocolan,1051
 Ficksburg,1052
 Gauteng ,1053
 Pretoria,1054
 Jiangsu Province ,1055
 Nanjing,1056
 Jiangxi Province,1057
 Tours,1058
 Pays de la Loire ,1059
 Fontenay-le-Comte,1060
 Dalarna County|Europe ,1061
 Västmanland County,1062
 Guangdong Province ,1063
 Guangzhou|Europe ,1064
 Cádiz|Europe ,1065
 Canary Islands ,1066
 Tenerife|Southeast Asia ,1067
 Zhejiang Province,1068
 Luoyang,1069
 Xi’an Shi,1070
 Xi’an,1071
 Anhui Province ,1072
 Dangtu Xian,1073
 Sierra Leone|Latin America and the Caribbean ,1074
 Madurai,1075
 Philippines|World,1076
 Ocher,1077
 Irkutsk Oblast ,1078
 Irkutsk,1079
 Kargopol',1080
Europe|Middle East and North Africa,1081
 Bel'sk,1082
 India|World,1083
 Malatya,1084
Europe|Middle East and North Africa|World,1085
" Iran, Islamic Republic of|Middle East and North Africa ",1086
 Tlaxcala ,1087
 Huamantla,1088
Latin America and the Caribbean|Southeast Asia ,1089
 Espírito Santo,1090
 Ecuador,1091
 Mendoza,1092
 Liverpool,1093
 Scotland ,1094
 Glasgow,1095
 Verkhnie Matigory,1096
 Liavlia,1097
 Oshevensk,1098
 Velikiy Ustyug,1099
 Saunino,1100
 Solvychegodsk,1101
 Murmansk Oblast ,1102
 Varzuga,1103
 Dymkovo Sloboda,1104
 Morozovitsa,1105
 Varnitsy,1106
 Kirillov,1107
 Vologda,1108
 Ustiuzhna,1109
 Kondopoga,1110
 Kem',1111
 Australia ,1112
 South Australia,1113
 Sauran,1114
 Samarqand Viloyati,1115
 Qashqadaryo Viloyati ,1116
 Shakhrisabz,1117
 Zhambyl Oblast ,1118
 Taraz,1119
 Toshkent Viloyati ,1120
 Tashkent,1121
 Istaravshan,1122
 Urgut,1123
 Tallahassee,1124
 Iowa,1125
 Jacksonville,1126
 Al Minyā ,1127
 Sheikh-'Ibada,1128
 Madrid|Europe ,1129
 Saxony-Anhalt ,1130
 Wittenberg,1131
 Spain|Middle East and North Africa ,1132
 Italy|Middle East and North Africa ,1133
Antarctica|Latin America and the Caribbean ,1134
 Santa Cruz ,1135
 Puerto Deseado,1136
 Daytona Beach,1137
 Monticello,1138
 Garden Key,1139
 Miami Beach,1140
 Silver Springs,1141
 Merritt Island,1142
 Orlando,1143
 Ochopee,1144
 Winter Garden,1145
 Key West,1146
 Opa-locka,1147
 Miami,1148
 Cypress Gardens,1149
 Big Cypress Swamp,1150
 Pensacola,1151
 Fernandina Beach,1152
 Navarre Beach,1153
 Boca Raton,1154
 Marion County,1155
 Tarpon Springs,1156
 Lamont,1157
 White Springs,1158
 Mulberry,1159
 Coral Gables,1160
 Wakulla Springs,1161
 Weekiwachee Springs,1162
 Rainbow Springs,1163
 Wales,1164
 Wales ,1165
 Aberystwyth,1166
 Penryn,1167
 Central ,1168
 Entebbe,1169
 New Jersey|North America ,1170
 Connecticut|North America ,1171
 Delaware|North America ,1172
 Jammu and Kashmīr,1173
 Sidon,1174
 Baden-Württemberg ,1175
 Reichenau,1176
 Bavaria,1177
 Ethiopia|Middle East and North Africa ,1178
 Emilia-Romagna ,1179
 Bologna,1180
 Former Yugoslav Republic of Macedonia,1181
 Bruxelles ,1182
 Brussels,1183
 Ghent,1184
 Bruges,1185
 Ostend,1186
 Antwerp,1187
 Blankenberge,1188
 Waterloo,1189
 Luxembourg ,1190
 Padua,1191
 Campania ,1192
 Pozzuoli,1193
 Caserta,1194
 Sardinia ,1195
 Alghero,1196
 Tuscany ,1197
 Florence,1198
 Moscow ,1199
 Moscow,1200
 Nizhny Novgorod Oblast ,1201
 Nizhny Novgorod,1202
 Finland ,1203
 Etelä-Suomen lääni ,1204
 Helsinki,1205
" North Ossetia-Alania, Republic of ",1206
 Vladikavkaz,1207
 Rīga,1208
 Bern,1209
 Basel,1210
 Zurich,1211
 Saint Gall,1212
 Bern ,1213
 Grindelwald,1214
 Vaud ,1215
 Montreux,1216
 Graubünden,1217
 Ticino ,1218
 Lugano,1219
 Lausanne,1220
 Isola di Capri,1221
 Liguria ,1222
 Genoa,1223
 Lombardy ,1224
 Milan,1225
 Pisa,1226
 Lazio ,1227
 Rome,1228
 Piedmont ,1229
 Turin,1230
 Naples,1231
Central and South Asia|Europe ,1232
 Alabama|North America ,1233
 Indiana|North America ,1234
 Kentucky|North America ,1235
 Louisiana|North America ,1236
 Mississippi|North America ,1237
 Ohio|North America ,1238
 South Carolina|North America ,1239
 Tennessee|North America ,1240
 Virginia|North America ,1241
 Wisconsin,1242
 Bavaria ,1243
 Nuremberg,1244
 Austria,1245
 Pakistan ,1246
 Punjab ,1247
 Lahore,1248
 Giza ,1249
 Mit Rahina,1250
 Austria ,1251
 Vienna,1252
 Zakarpatskaja Oblast,1253
 Johannesburg,1254
 Namur,1255
 Chūgoku ,1256
 Yamaguchi-ken,1257
 Japan|World,1258
 Hyogo ,1259
 Takasago,1260
 Yamanashi-ken ,1261
 Kōshū,1262
 Kanagawa-ken ,1263
 Yokohama,1264
 O'Higgins ,1265
 Sewell,1266
 Valparaíso,1267
 Panama ,1268
 Kuna Yala,1269
 Spain|Latin America and the Caribbean,1270
 Haiti|North America ,1271
 Puerto Rico,1272
 Martinique|Latin America and the Caribbean,1273
Latin America and the Caribbean|North America|Southeast Asia ,1274
 Yangzhou Shi,1275
 Chengde,1276
 Henan Province,1277
 Hubei Province|East Asia ,1278
 Hunan Province,1279
 Japan|East Asia ,1280
 Fujian Province,1281
 Omsk Oblast,1282
 Rostov Oblast,1283
 Ireland|Europe ,1284
 Germany|Middle East and North Africa ,1285
" Tanzania, United Republic of|East Asia ",1286
 Paris|North America ,1287
 Algeria,1288
 Metuchen,1289
 Panama|North America ,1290
 Bolivia|North America ,1291
 Japan|North America ,1292
 Poland|North America ,1293
 India|North America ,1294
 Lyons|Europe ,1295
 Ireland|North America ,1296
Africa|Europe ,1297
 Montenegro|Europe ,1298
 Alsace|Europe ,1299
 Lorraine|Europe ,1300
 Italy|North America ,1301
 Iowa|North America ,1302
 Nebraska,1303
 Paris|Middle East and North Africa ,1304
 Algiers|Middle East and North Africa ,1305
 Scarborough,1306
 Lorraine ,1307
 Verdun,1308
 Belgium|North America ,1309
 Baden-Württemberg,1310
 Bahamas,1311
 Liaoning Province ,1312
 Liaoyang,1313
 Shaanxi Province|East Asia ,1314
 Kyŏngsang-pukto ,1315
 Andong,1316
 Xuanhua|East Asia ,1317
 Fengyang,1318
 Xiuning,1319
 Anhui Province,1320
 Fujian Province ,1321
 Nanping Shi,1322
 Qinghai Province,1323
 Taiyangzhou Xian,1324
 Haining,1325
 Huai'an,1326
 Xin'an,1327
 Wuxing,1328
 Guizhou Province,1329
 Shanxi Province ,1330
 Yicheng,1331
 Yunnan Province ,1332
 Yuanjiang,1333
 Zhaotong,1334
 Jiaxing,1335
 Leningrad Oblast ,1336
 Shlisselʹburg,1337
 Rovno Oblast ,1338
 Dubno,1339
 Ulyanovsk Oblast ,1340
 Lava,1341
 Sumskoye,1342
 Naziya,1343
 Tver Oblast ,1344
 Lavrovo,1345
 Staraya Ladoga,1346
 Novaya Ladoga,1347
 Syas’stroy,1348
 Lodeynoye Pole,1349
 Uslanka,1350
 Podporozhye,1351
 Belyi Ruchei,1352
 Suvalda,1353
 Fevronʹevo,1354
 Ostrechiny,1355
 Pid'ma,1356
 Kamensk-Ural'skij,1357
 Miatusovo,1358
 Voznesenye,1359
 Paltoga,1360
 Vytegra,1361
 Moscow Oblast ,1362
 Volokhvo,1363
 Materniki,1364
 Deviatiny,1365
 Chelyabinsk Oblast ,1366
 Satka,1367
 Kovzha,1368
 Orenburg Oblast ,1369
 Petrovskoe,1370
 Belozersk,1371
 Itä-Suomen lääni ,1372
 Savonlinna,1373
 Zlatoust,1374
 Ladva,1375
 Krokhino,1376
 Kargulino,1377
 Topornya,1378
 Sheksna,1379
 Smolensk Oblast ,1380
 Burkovo,1381
 Čerepovec,1382
 Vokhnovo,1383
 Leushina,1384
 Tula Oblast ,1385
 Yasnaya Polyana,1386
 Luga,1387
 Gatchina,1388
 Vyborg,1389
 Petrozavodsk,1390
 Kivach,1391
 Nikolaevka,1392
 Kyrgyzstan ,1393
 Batken ,1394
 Sulyukta,1395
 Rafailovo,1396
 Tersiutskoe,1397
 Girvas,1398
 Lizhma,1399
 Kyappesel’ga,1400
 Shaydoma,1401
 Perguba,1402
 Medvezhyegorsk,1403
 Segezha,1404
 Lindozero,1405
 Nadovitsy,1406
 Belomorsk,1407
 Shueretskoe,1408
 Permʹ,1409
 Ekaterinburg,1410
 Yalutorovsk,1411
 Kurgan Oblast ,1412
 Tokorevka,1413
 Vladimir Oblast ,1414
 Aleksandrov,1415
 Kasli,1416
 Kyshtym,1417
 Chelyabinsk,1418
 Miass,1419
 Vetluga,1420
 Vyazovaya,1421
 Sim,1422
" Bashkortostan, Republic of ",1423
 Ufa,1424
 Asha,1425
 Minyar,1426
 Chelyabinsk Oblast,1427
 Jur'uzan',1428
 Ust-Katav,1429
 Katav-Ivanovsk,1430
 Yakhino,1431
 Iskor,1432
 Vilʹgord,1433
 Samts’khe-Javakhet’i ,1434
 Likani,1435
 Adzharia ,1436
 Bat'umi ,1437
 Bat'umi,1438
 Ajaria ,1439
 Makindzhauri ,1440
 Makhindzhauri,1441
 Akhamieny,1442
 Krasnodar Krai ,1443
 Sochi,1444
 Borzhomi,1445
 Batumi,1446
 Suchumi,1447
 Novyy Afon,1448
 Koldakhvary,1449
 Krasnodarskiy kray ,1450
 Verkhneye Uchdere,1451
" Dagestan, Republic of",1452
 Dagomys,1453
 Dagomys|Europe ,1454
 Sochi|Europe ,1455
 Daba,1456
 Borjomi,1457
 Tsagveri,1458
 Samts’khe-Javakhet’i,1459
 Bzipi,1460
 Tʻbilisi,1461
" Dagestan, Republic of ",1462
 Gunib,1463
 Mozhaysk,1464
 Borodino,1465
 Utitsy,1466
 Borodino|Europe ,1467
 Smolensk,1468
 Minskaja voblasc' ,1469
 Barysaw,1470
 Dzhezkazgan Oblast ,1471
 Nikolskiy,1472
 Torzhok,1473
 Yaroslavl Oblast ,1474
 Rostov,1475
 Koryakino,1476
 Volgoverkhovye,1477
 Novinka,1478
 Izvedovo,1479
 Samara Oblast ,1480
 Bogytrʹ,1481
 Ostashkov,1482
 Rzhev,1483
 Zubtsov,1484
 Staritsa,1485
 Peremerki,1486
 Tver',1487
 Gorodnya,1488
 Ivankovo Reservoir,1489
 Vidogoshchi,1490
 Novosibirsk Oblast ,1491
 Ilimka,1492
 Kostroma Oblast ,1493
 Kostroma,1494
 Ivanovo Oblast ,1495
 Ples,1496
 Pereslavl Zalesskiy,1497
 Kineshma,1498
 Makarʹevo,1499
 Yaroslavl,1500
 Borisoglebsky,1501
 Vesʹkovo,1502
 Vladimir,1503
 Kulʹkovo,1504
 Vilizhnaya,1505
 Uspenka,1506
 Verhnechusovskie Gorodki,1507
 Chusovoy,1508
 Kushva,1509
 Razsolnaia,1510
 Kyn,1511
 Kashka,1512
 Mezhevaya Utka,1513
 Romanovka,1514
 Martianova,1515
 Pervouralsk,1516
 Rodina,1517
 Staroutkinsk,1518
 Zarechnaia Utka,1519
 Kuria,1520
 Voronezh Oblast ,1521
 Kamenka,1522
 Utka,1523
 Reshota,1524
 Khrustalʹnaya,1525
 Makarovo,1526
 Kolchedan,1527
 Vodolazy,1528
 Kataysk,1529
 Dalmatovo,1530
 Shadrinsk,1531
 Kliuchi,1532
 Driannovskoe,1533
 Skoty,1534
 Kamyshlov,1535
 Mekhonskoye,1536
 Bakhareva,1537
 Oryol Oblast ,1538
 Pokrovskoe,1539
 Gilevo,1540
 Beloomut,1541
 Kuzminskoe,1542
 Ryazan Oblast ,1543
 R'azan',1544
 Kolomna,1545
 Suzdal',1546
 Mary,1547
 Belgorod Oblast ,1548
 Belgorod,1549
 Sumy Oblast ,1550
 Putivl,1551
 Xorazm Viloyati ,1552
 Khiva,1553
 Shenyang|East Asia ,1554
 Kanagawa-ken,1555
Central and South Asia|Europe|Middle East and North Africa,1556
 Nunavut ,1557
 Belcher Islands,1558
 New South Wales|Oceania and the Pacific ,1559
 Victoria ,1560
 Point Hicks,1561
 Queensland ,1562
 Cape Moreton,1563
 Cape Moreton|Oceania and the Pacific ,1564
 Cape Palmerston,1565
 Cape Flattery|Oceania and the Pacific ,1566
Europe|North America,1567
Africa|Africa ,1568
Central and South Asia|Central and South Asia ,1569
 West Bengal,1570
 Fārs ,1571
 Shiraz,1572
 Afghanistan ,1573
 Herāt ,1574
 Herat|Central and South Asia ,1575
 Eşfahān ,1576
 Eşfahān|Central and South Asia ,1577
 Qazvīn ,1578
 Qazvīn,1579
 Uzbekistan|East Asia ,1580
 Agra,1581
 Libya|Middle East and North Africa ,1582
 Morocco|Middle East and North Africa ,1583
 Golestān ,1584
 Gorgan,1585
 Āzarbāyjān-e Sharqī ,1586
 Tabriz,1587
 Konya,1588
 Khorāsān-e Razavī ,1589
 Mashhad,1590
 Bursa,1591
 Āzarbāyjān-e Gharbī ,1592
 Urmia|Middle East and North Africa ,1593
 Italy|Middle East and North Africa,1594
 Panama|Latin America and the Caribbean ,1595
 Colón ,1596
 Colón|Latin America and the Caribbean ,1597
 Panamá ,1598
 Ancon|Latin America and the Caribbean ,1599
 Balboa|Latin America and the Caribbean ,1600
 Balboa Heights|North America ,1601
 Panama City|North America ,1602
 Colón|North America ,1603
 Neuilly-sur-Seine|Europe ,1604
 Shaanxi Province,1605
 Beijing|East Asia ,1606
 Jiangsu Province|East Asia ,1607
 Shandong Province,1608
 South Dakota ,1609
 Sturgis,1610
 South Dakota,1611
 Deadwood|North America ,1612
 Deadwood,1613
 Pine Ridge,1614
 Lead,1615
 Custer,1616
 Piedmont,1617
 Hot Springs,1618
 Elm Springs,1619
 Illinois ,1620
 Chicago,1621
 Galena,1622
 Hat Creek,1623
 Terraville,1624
 Central City,1625
 Belle Fourche,1626
 South Dakota|North America ,1627
 Wyoming ,1628
 Farthing,1629
 Devils Tower,1630
 Crawford,1631
 Hill City|North America ,1632
 Rockerville,1633
 Sundance,1634
 Savoy,1635
 Rochford,1636
 Homer|North America ,1637
 Nunavut,1638
 Chad|Africa ,1639
 Libya,1640
 Oxford,1641
 Greenland|North America ,1642
 Yukon Territory|North America ,1643
Africa|Latin America and the Caribbean|Middle East and North Africa ,1644
 Aragón,1645
 Valencia,1646
 Antigua and Barbuda|Latin America and the Caribbean ,1647
 Haiti|Latin America and the Caribbean ,1648
 Jamaica|Latin America and the Caribbean ,1649
 United Arab Emirates ,1650
 Abu Dhabi Emirate,1651
 Abu Dhabi Emirate ,1652
 Al-Ain,1653
 Abu Dhabi,1654
 Japan|Latin America and the Caribbean ,1655
" Iran, Islamic Republic of|Europe|Middle East and North Africa ",1656
 Croatia|Europe ,1657
 Spain|Middle East and North Africa,1658
 Krasnoyarsk Krai ,1659
 Mezhdurechie,1660
 Ķegums,1661
 Tomsk Oblast ,1662
 Asino,1663
 Lesnoy|Europe ,1664
 Kalachinsk,1665
 Tayshet,1666
 Uzbekistan|Middle East and North Africa,1667
 Spain|Europe ,1668
 Andalucía,1669
Africa|Central and South Asia|Europe|Middle East and North Africa,1670
 Greece|Middle East and North Africa,1671
 Bosnia and Herzegovina|World,1672
 Serbia|Europe ,1673
 Slovenia,1674
 L'viv Oblast ,1675
 L'viv,1676
 Janūb Sīnā',1677
 Leipzig,1678
 Brandenburg,1679
 Freiburg,1680
 Jolfā,1681
 Sichuan Province,1682
 Central,1683
 Central|Africa ,1684
 Northern,1685
 Biskra ,1686
 Beskra,1687
 Blida ,1688
 El Boulaïda,1689
 Annaba ,1690
 Annaba,1691
 Constantine ,1692
 Constantine,1693
 El Kantara,1694
 Skikda,1695
 Sidi Okba,1696
 İstanbul ,1697
 Üsküdar,1698
 Regensburg,1699
 Hesse ,1700
 Kassel,1701
 Augsburg,1702
 Freising,1703
 Sankt Gallen,1704
 Munich,1705
 Metten,1706
 Salzburg,1707
Africa|Central and South Asia|East Asia|Europe|Middle East and North Africa,1708
 Nottingham,1709
 Thailand,1710
Africa|Central and South Asia|East Asia|Europe|Latin America and the Caribbean|Middle East and North Africa|North America|Southeast Asia|World,1711
 Antioquia,1712
 Boyacá|Latin America and the Caribbean ,1713
 Cundinamarca|Latin America and the Caribbean ,1714
 Santander,1715
 Distrito Capital de Bogotá ,1716
 Bogotá,1717
 Antioquia ,1718
 Buriticá,1719
 Santa Rosa de Osos,1720
 Ríonegro,1721
 Tolima,1722
 Caldas ,1723
 Manizales,1724
 Caldas,1725
 Medellín,1726
 Casanare,1727
 Casanare ,1728
 Paz de Ariporo,1729
 Boyacá,1730
 Boyacá ,1731
 Tunja,1732
 Nariño ,1733
 Barbacoas,1734
 Nariño,1735
 Cali,1736
 Cauca,1737
 Quindío,1738
 Chocó,1739
 Chocó ,1740
 Lloró,1741
 Nóvita,1742
 Quibdó,1743
 Tebada,1744
 Sipí,1745
 Cauca ,1746
 Puracé,1747
 Patía,1748
 Pancitará,1749
 Ipiales,1750
 Descansé,1751
 Caquetá,1752
 Huila,1753
 Cundinamarca ,1754
 Pacho,1755
 Cundinamarca,1756
 Pandi,1757
 Fusagasugá,1758
 Zipaquirá,1759
 Norte de Santander ,1760
 Ocaña,1761
 Norte de Santander,1762
 Pamplona,1763
 Cúcuta,1764
 Santander ,1765
 Simacota,1766
 Socorro,1767
 Suratá,1768
 Maní,1769
 Bucaramanga,1770
 Vélez,1771
 Saboyá,1772
 Tolima ,1773
 Ambalema,1774
 Huila ,1775
 Suaza,1776
 San Agustín,1777
 La Plata,1778
 Cauca|Latin America and the Caribbean ,1779
 Aipe,1780
 Åland|Europe ,1781
 Rhineland Palatinate,1782
 Lower Saxony|Europe ,1783
 Schleswig-Holstein,1784
 Former Yugoslav Republic of Macedonia|Europe ,1785
 San Francisco,1786
 Aisne ,1787
 Château-Thierry|Europe ,1788
 Meuse ,1789
 Saint-Mihiel,1790
 Sakhalin,1791
 Ethiopia,1792
 Kärnten|Europe ,1793
 Steiermark|Europe ,1794
 Croatia,1795
Africa|East Asia ,1796
 Champagne-Ardenne|Europe ,1797
 Lorraine,1798
 Luxembourg|Europe ,1799
 Netherlands ,1800
 Limburg,1801
 Svalbard,1802
Europe|Middle East and North Africa|Middle East and North Africa ,1803
 Allahābād,1804
 Myanmar ,1805
 Yangon ,1806
 Rangoon,1807
 Andhra Pradesh ,1808
 Golconda,1809
 Dominican Republic ,1810
 Santo Domingo,1811
 Camden|North America ,1812
 West Stockbridge|North America ,1813
 Conshohocken|North America ,1814
 Camden,1815
 Ontario,1816
 Louisiana ,1817
 New Orleans,1818
 East Pittsburgh,1819
 Gettysburg,1820
 Johnstown,1821
 Maryland|North America ,1822
 Homestead,1823
 Pittsburgh,1824
 Pennsylvania|North America ,1825
 West Virginia,1826
 New York|North America ,1827
 Ohio ,1828
 Columbus,1829
 Cincinnati,1830
 Massillon,1831
 Akron,1832
 Toledo,1833
 North Carolina|North America ,1834
 Kitty Hawk,1835
 New Hampshire|North America ,1836
 Rhode Island|North America ,1837
 Vermont,1838
 L'viv Oblast,1839
 Bihār,1840
 Bihār ,1841
 Ara,1842
 Himāchal Pradesh ,1843
 Simla,1844
 West Bengal ,1845
 Barddhamān,1846
 Patna,1847
 Hugli,1848
 Ethiopia ,1849
 Tigray,1850
 Nangarhār ,1851
 Gandamak,1852
 Basawul,1853
 Jalālābād,1854
 Konarha ,1855
 Hazar Now,1856
Africa|Middle East and North Africa ,1857
 Tombouctou|Africa ,1858
 Mopti ,1859
 Massina,1860
 Tombouctou|Middle East and North Africa ,1861
 Nigeria,1862
 México|Latin America and the Caribbean ,1863
 Morelos|Latin America and the Caribbean ,1864
 Oaxaca|Latin America and the Caribbean ,1865
 Puebla,1866
 Kangra,1867
 Babil|Middle East and North Africa ,1868
 Ninawa,1869
 Andaman and Nicobar Islands,1870
 Sindh,1871
 Punjab,1872
 Jiangsu Sheng,1873
Central and South Asia|East Asia|Middle East and North Africa,1874
 Armenia ,1875
 Yerevan province ,1876
 Yerevan,1877
 Malta,1878
 Haute-Normandie ,1879
 Rouen,1880
 Alsace ,1881
 Strasbourg,1882
 Switzerland|Middle East and North Africa,1883
 Kyoto|East Asia ,1884
 Shizuoka-ken,1885
 Uganda|North America ,1886
 British Columbia,1887
 Kiev|Middle East and North Africa ,1888
 Slovakia|Europe ,1889
 Zakarpatskaja Oblast ,1890
 Užgorod,1891
 Ukraine|Europe ,1892
 Kostrina,1893
 Uzhok,1894
 Izky,1895
 Kujawsko-pomorskie ,1896
 Torun`,1897
 Repenie,1898
 Maidanka,1899
 Ust'-Chorna,1900
 Steblivka,1901
 Yasinya,1902
 Wetzlar|Europe ,1903
Africa|Central and South Asia ,1904
 Dominica|Latin America and the Caribbean ,1905
 Grenada|Latin America and the Caribbean ,1906
 Saint Vincent and the Grenadines|Latin America and the Caribbean ,1907
 Venezuela (Bolivarian Republic of)|North America ,1908
 Santiago de Cuba,1909
 Georgia|North America ,1910
 Quebec|North America ,1911
 Vermont|North America ,1912
 Bolívar ,1913
 Cartagena,1914
 Guam|Southeast Asia ,1915
Africa|Europe|Middle East and North Africa|North America|Southeast Asia,1916
 Madrid,1917
 Alcalá de Henares,1918
 Spain|North America ,1919
 United States of America|Southeast Asia ,1920
 Vratsa,1921
Central and South Asia|Europe,1922
 Uzbekistan|Europe,1923
" Iran, Islamic Republic of|Europe ",1924
Europe|Middle East and North Africa ,1925
 Berlin|Europe ,1926
 Andijon Viloyati ,1927
 Andijon,1928
 Andijon Viloyati,1929
 Farg'ona Viloyati ,1930
 Kokand,1931
 Pskent,1932
 Farg'ona Viloyati,1933
 Mankend,1934
 Qyzylorda Oblast ,1935
 Yani-Kurgan,1936
 Chimkent,1937
 Jizzax Viloyati ,1938
 Jizzakh,1939
 Kazalinsk,1940
 Kyzylorda,1941
 Karabulak,1942
 Khatlon ,1943
 Pskend,1944
 Yuzhno Kazakhstan,1945
 Sayram,1946
 Zaamin,1947
 Chinaz,1948
 Panjakent,1949
 Bakhriin,1950
 Sudzhin,1951
 Sarasota,1952
 Paranaguá,1953
 Alexandra,1954
 Morretes,1955
 Paraná|Latin America and the Caribbean ,1956
 Alexandra|Latin America and the Caribbean ,1957
 Curitiba|Latin America and the Caribbean ,1958
 Morretes|Latin America and the Caribbean ,1959
 Paranaguá|Latin America and the Caribbean ,1960
Central and South Asia|East Asia|Europe|Middle East and North Africa|Middle East and North Africa ,1961
 Lebanon|Middle East and North Africa ,1962
Central and South Asia|Middle East and North Africa ,1963
 An-Najaf,1964
 Istanbul|Middle East and North Africa ,1965
 Denmark|North America ,1966
 Greenland,1967
 Western Cape ,1968
 Cape Town,1969
Southeast Asia,1970
 Western Cape|Central and South Asia,1971
 Tehrān ,1972
 Tehrān,1973
 England,1974
 Rome|Europe ,1975
 Stratford-upon-Avon,1976
 Kābul|Central and South Asia ,1977
 Qandahār ,1978
 Kandahar|Europe ,1979
Latin America and the Caribbean|North America ,1980
 Dominican Republic,1981
 Suriname|Latin America and the Caribbean ,1982
 Suriname ,1983
 Paramaribo,1984
 Germany|Middle East and North Africa,1985
 Titusville,1986
 Utah ,1987
 Promontory Point,1988
 Dayton,1989
 Cumberland,1990
 Jiangyin,1991
 Suzhou Shi,1992
 Shanghai|Europe ,1993
 London|North America ,1994
 Boston|North America ,1995
 Republic of Korea|Southeast Asia ,1996
 China|World,1997
 Mahārāshtra ,1998
 Mumbai,1999
 Kābul,2000
 Lalpura,2001
 Northwest Frontier ,2002
 Peshāwar,2003
 Jamrūd,2004
 Northwest Frontier,2005
 Federally Administered Tribal Areas ,2006
 Landi Kotal,2007
 Nangarhār,2008
 Qandahār,2009
 Paktīā,2010
 Attock,2011
 Paktīā ,2012
 Khowst,2013
 Paktīā|Central and South Asia ,2014
 Federally Administered Tribal Areas,2015
 Kandahar,2016
 Arizona|North America ,2017
 New Mexico|North America ,2018
 Missouri|North America ,2019
 Minnesota,2020
 Kansas|North America ,2021
 Nebraska|North America ,2022
 North Dakota|North America ,2023
 Oklahoma|North America ,2024
 Oregon|North America ,2025
 Colorado|North America ,2026
 Idaho|North America ,2027
 Montana|North America ,2028
 Utah,2029
 Nevada|North America ,2030
 Utah|North America ,2031
 Michigan,2032
 Grottaferrata,2033
 Stockholm|World,2034
 France|World,2035
 Ireland|World,2036
 Saarland,2037
 Togo|Europe ,2038
 Jordan,2039
 Catalonia ,2040
 Barcelona,2041
 Geneva|World,2042
 Locarno|Europe ,2043
 Hesse|Europe ,2044
 North Rhine-Westphalia|Europe ,2045
 Ethiopia|Europe ,2046
 Bukhara|Europe ,2047
 Västra Götalands län,2048
 Severomoravský ,2049
 Olomouc,2050
 Västerbotten County ,2051
 Ratan,2052
 Tibet ,2053
 Lhasa,2054
 Donkar,2055
 Dabchi,2056
 Gyangzê,2057
 Zêtang,2058
 Turkmenistan|Middle East and North Africa ,2059
 Turkey|Middle East and North Africa ,2060
 Georgia|Middle East and North Africa ,2061
 Greece|Middle East and North Africa ,2062
 United Arab Emirates,2063
 Makkah,2064
 Vienna|Europe ,2065
 Cyprus|Middle East and North Africa ,2066
 Turkmenistan|Europe ,2067
 Cyprus|Europe ,2068
 Kandahar|Central and South Asia ,2069
 Ardabīl ,2070
 Ardabīl|Central and South Asia ,2071
 Kāshān|Central and South Asia ,2072
 Shiraz|Central and South Asia ,2073
 Hormozgān ,2074
 Bandar-e ʻAbbās|Central and South Asia ,2075
 Zanjān ,2076
 Sultanieh|Europe ,2077
 Astrakhan Oblast ,2078
 Astrakhan|Europe ,2079
 Derbent|Middle East and North Africa ,2080
 Yerevan|Middle East and North Africa ,2081
 Central Division ,2082
 Baku|Middle East and North Africa ,2083
 Shemakha|Middle East and North Africa ,2084
 Tʻbilisi|Middle East and North Africa ,2085
 Erzurum ,2086
 Erzurum|Middle East and North Africa ,2087
 Kars ,2088
 Kars,2089
 Sudan|Central and South Asia ,2090
 Eritrea|Central and South Asia ,2091
 Zanzibar|Middle East and North Africa ,2092
 Oman,2093
 Mecca|Middle East and North Africa ,2094
 Tabūk,2095
 Somalia|Middle East and North Africa ,2096
Africa|Central and South Asia|Middle East and North Africa,2097
 Somalia ,2098
 Awdal|Africa ,2099
 Bari|Africa ,2100
 Nugaal|Africa ,2101
 Saneag|Africa ,2102
 Sool|Africa ,2103
 Togdheer|Africa ,2104
 Woqooyi Galbeed|Middle East and North Africa ,2105
 South Yemen ,2106
 Suquṭrā,2107
 Pakistan|East Asia ,2108
 Pakistan|Europe ,2109
 Ternopil's'ka Oblast ,2110
 Kopychintsy,2111
 Ohrid,2112
 Romania|Middle East and North Africa ,2113
 Mongolia|East Asia ,2114
 Serbia|Middle East and North Africa ,2115
 Gifu|East Asia ,2116
 Shiga,2117
 South Aegean,2118
 East Macedonia and Thrace|Middle East and North Africa ,2119
 Niger,2120
 Macau,2121
 Jakarta|Southeast Asia ,2122
 Banten|Southeast Asia ,2123
 Central Java|Southeast Asia ,2124
 East Java|Southeast Asia ,2125
 West Java|Southeast Asia ,2126
 Zanzibar|Africa ,2127
 Jiaoxian|East Asia ,2128
 Weihai,2129
 East Macedonia and Thrace|Europe ,2130
 North Aegean|Europe ,2131
 South Aegean|Middle East and North Africa ,2132
 Çanakkale Province,2133
 Panama|Middle East and North Africa ,2134
 Egypt|North America ,2135
East Asia|Europe,2136
Africa|Europe|North America,2137
 Valparaíso|Latin America and the Caribbean ,2138
 Valle del Cauca|Latin America and the Caribbean ,2139
 Puntarenas,2140
 Gambia,2141
Africa|Europe|Europe ,2142
 Germany|Latin America and the Caribbean,2143
 Portugal ,2144
 Madeira|Europe ,2145
 Azores,2146
 Australia|Oceania and the Pacific ,2147
 New Zealand|Oceania and the Pacific ,2148
 Solomon Islands|Oceania and the Pacific ,2149
 Cape Verde,2150
 Sulawesi Selatan,2151
 Netherlands|Europe ,2152
 United Kingdom of Great Britain and Northern Ireland|North America|North America ,2153
 United States of America|Oceania and the Pacific,2154
 Kalimantan Barat,2155
 Timor Barat|Southeast Asia ,2156
 Bali|Southeast Asia ,2157
 Nusa Tenggara Barat|Southeast Asia ,2158
 Nusa Tenggara Timur,2159
 Maluku Utara|Southeast Asia ,2160
 Papua|Southeast Asia ,2161
 Papua Barat,2162
 French Southern and Antarctic Territories ,2163
 Kerguelen Islands|Europe ,2164
 Falkland Islands (Islas Malvinas),2165
 Goa|Europe ,2166
 Marshall Islands|Oceania and the Pacific ,2167
 French Guiana,2168
 Gabon,2169
 Guinea,2170
 Guangdong Province|Southeast Asia ,2171
 French Polynesia|Europe ,2172
 New Caledonia,2173
 Syddanmark|Europe ,2174
 Saint Pierre and Miquelon,2175
 Sao Tome and Principe,2176
 Damān and Diu|Central and South Asia ,2177
 South Africa|Europe ,2178
 Switzerland|North America ,2179
 Vanuatu,2180
 Heilongjiang|East Asia ,2181
 Jilin|East Asia ,2182
 Liaoning Province,2183
 Equatorial Guinea,2184
" Tanzania, United Republic of|Europe ",2185
 Trentino-Alto Adige,2186
 Tuscany,2187
 Wisconsin ,2188
 Janesville,2189
 Bulgaria|Middle East and North Africa ,2190
 Hebei Province,2191
 Rostov Oblast ,2192
 Taganrog,2193
 Leningrad Oblast|Europe ,2194
 Lebanon,2195
 Lebanon|World,2196
 Scotland|Middle East and North Africa ,2197
 India|Middle East and North Africa ,2198
 Lebanon|North America ,2199
Central and South Asia|Middle East and North Africa|Middle East and North Africa ,2200
 England|Middle East and North Africa ,2201
Africa|Central and South Asia|Central and South Asia ,2202
 Pakistan|East Asia|Europe|Middle East and North Africa ,2203
 Nūrestān,2204
 Utrecht,2205
 Niederösterreich,2206
 Zuid-Holland ,2207
 Leiden,2208
 Gaziantep,2209
 Wittlich,2210
 North Rhine-Westphalia ,2211
 Höxter,2212
 Afghanistan|Europe|Middle East and North Africa,2213
 Ghana|Central and South Asia ,2214
 Somalia|Central and South Asia ,2215
 Tunisia|Middle East and North Africa ,2216
 Gáldar,2217
 Flanders|Europe ,2218
 Las Palmas de Gran Canaria|Europe ,2219
 Canary Islands|Europe ,2220
 Las Palmas de Gran Canaria,2221
 Benediktbeuern,2222
 Weingarten|Europe ,2223
 Lower Saxony,2224
 Tegernsee,2225
 Heidelberg,2226
 Ottobeuren,2227
 Passau,2228
 Corvey,2229
 Texas|North America ,2230
 Wisconsin|North America ,2231
 Oregon,2232
 Oklahoma,2233
 Dangtu,2234
 Tianjin|East Asia ,2235
 China|Europe,2236
 Zhejiang Province|East Asia ,2237
