pub_key,Publisher
pub_1,unknown
pub_2,Harimaya Katsugorō
pub_3,Dutch West India Company
pub_4,Tobias Conrad Lotter
pub_5,American Press Association
pub_6,Association of R. Golik and A. Vil'borg
pub_7,U.S. Government Printing Office
pub_8,American Philosophical Society
pub_9,Robert Wilkinson
pub_10,Printed and sold by Nathaniel Patten
pub_11,Robert Sayer and John Bennett
pub_12,D. Appleton and Company
pub_13,Anton Sorg
pub_14,Hieronymus Cock
pub_15,American Mutoscope and Biograph Company
pub_16,"Mariette, Pierre, 1603-1657|Sumptibus Petri Mariette Lutetiae"
pub_17,"Chez Daniel de la Feuille, marchand librarie, proche de la Bourse"
pub_18,Rand McNally and Company
pub_19,J.B. Metzler'schen Buchhandlung
pub_20,Kartographische Abtheilung der Königl. Preuss. Landes-Aufnahme.
pub_21,William Caxton
pub_22,John Tallis & Company
pub_23,A. Fullarton & Co.
pub_24,R. Chapelot et Cie.
pub_25,Jan Barend Elwe
pub_26,l'Histoire Universette d'une Societé de Gens de Lettres
pub_27,Charles Simonneau
pub_28,Adrien Hubert Brué
pub_29,Pierre Mariette
pub_30,J. Lebègue & Cie.
pub_31,United Fruit Company
pub_32,A. Hartleben's Verlag
pub_33,Aaron Arrowsmith
pub_34,J.H. Colton & Company
pub_35,Ramon Abreu
pub_36,Beauplan
pub_37,C. L. F. Panckoucke
pub_38,United States Office of War Information Overseas Picture Division
pub_39,"Thomas A. Edison, Inc."
pub_40,Stephan Plannck
pub_41,American Geographical Society of New York
pub_42,Synodal Press
pub_43,Royal Geographical Society
pub_44,Military Topographical Depot
pub_45,Siberian Branch of the Russian Geographic Society
pub_46,Société de géographie
pub_47,Association of Art Press
pub_48,Bradford and Inskeep
pub_49,Printed by John Dunlap
pub_50,Hermond Norwood
pub_51,Printed by Clementina Rind
pub_52,Chez Basset
pub_53,"""Transreklama"" NKPS"
pub_54,Central Scientific-Research Geological-Prospecting Institute
pub_55,Rossiĭskai︠a︡ akademii︠a︡ nauk
pub_56,Publication of the Siberian Regional Agricultural Administration
pub_57,Geograficheskii Departament
pub_58,Pinelli
pub_59,"Nicolas de Fer, Geographe de sa Majesté Catolique"
pub_60,Chez Remondini
pub_61,Deccan Printing Works
pub_62,S. Augustus Mitchell
pub_63,Robert Sayer
pub_64,United States Hydrographical Office
pub_65,Anthony Finley
pub_66,D. Browne
pub_67,John Haven
pub_68,Gidrograficheskyi Departament Morskogo Ministerstva
pub_69,J. Wilkes
pub_70,Detroit Publishing Company
pub_71,Philippus Eckebrecht
pub_72,"La Haye, H. Scheurleer"
pub_73,Compagnie belge de colonisation
pub_74,Joan Blaeu
pub_75,Nicolaes Visscher
pub_76,Bormay & Co.
pub_77,Homann Erben
pub_78,Glavnoe upravlenie geodezii i kartografii
pub_79,Printing-House of Semen Selivanovskii
pub_80,Printed by W. Blake
pub_81,Khar'kov Society for the Expansion of Literacy
pub_82,J.B. Lippincott and Co.
pub_83,Directorate General of Antiquities
pub_84,Paul Revere
pub_85,C. Scribner's Sons
pub_86,E.H. Schroeder
pub_87,Jacob van Meurs
pub_88,S. Buckley
pub_89,"William Brooks & Company, Limited"
pub_90,Syng
pub_91,Louis-Charles Desnos
pub_92,K.u.K. Hoflieferant J. Weiner
pub_93,Angermayer Károly Müintézete
pub_94,T. Dring and J. Starkey
pub_95,I Tp-i Petrosi Vaghvaziantsʻ
pub_96,Underwood and Underwood
pub_97,Chez les heritiers de Maurice de la Porte
pub_98,W. and A.K. Johnston
pub_99,U Knezhēsko-Sērbskoĭ Tẏpografii
pub_100,Harris Lithographing Co. Ltd.
pub_101,Wuying Hall
pub_102,Touring-Club de France
pub_103,Augustin Challamel
pub_104,Congregatio de Propaganda Fide
pub_105,Printed at Bishop's college press by H. Townsend
pub_106,A. Ilyin
pub_107,Bain News Service
pub_108,Institut national de géographie
pub_109,Sagra Congregatione de Propaganda Fide
pub_110,Charles Scribner's Sons
pub_111,Hodder & Stoughton
pub_112,"Sampson Low, Marston, Low, and Searle"
pub_113,Printed for John Stockdale
pub_114,"Printed at Modern Printing Company, owned by Hassoun Murad and Company"
pub_115,Edmund M. Blunt
pub_116,L. Friederichsen & Company
pub_117,"Plon-Nourrit & Cie, imprimeurs-éditeurs"
pub_118,La Société Lumière
pub_119,Devambez
pub_120,Coquemer
pub_121,Comité National de Prévoyance et d'économies
pub_122,Hollerbaum & Schmidt
pub_123,Fritz Maison
pub_124,Ex officina I. Opporini
pub_125,J. F. Bernard
pub_126,Moreau de St.-Méry
pub_127,J. Cundee
pub_128,Matthews-Northrup Works
pub_129,A. Martin
pub_130,League of Nations
pub_131,Uganda Protectorate
pub_132,Alexis Hubert Jaillot
pub_133,Giuseppe Baroni
pub_134,Wagner & Debes
pub_135,Atelier Butteri
pub_136,Coutinho and Sons
pub_137,G.F. Nesbitt & Company
pub_138,Sanbō Honbu
pub_139,Cóvens e Mortier
pub_140,Printed and published by His Majesty's Stationery Office
pub_141,Abraham Ortelius
pub_142,Charles Knight
pub_143,Edward Stanford
pub_144,Dietrich Reimer
pub_145,Stanford's Geographical Establishment
pub_146,Chez l'auteur fur le Quai de l'Horloge a l'Aigle d'Or
pub_147,Geographical Magazine
pub_148,Ewing Galloway
pub_149,K. Birkenfeld Publishing House
pub_150,Ivan Pushkarev
pub_151,Resettlement Department of the Land Regulation and Agriculture Administration
pub_152,Jan Evertszoon Cloppenburch
pub_153,Don F. de Zúñiga y Ontiveros
pub_154,J. Meurs
pub_155,Royal Administration of the Swedish State Railways
pub_156,Impr. Lemercier et Cie
pub_157,C. Smith & Son
pub_158,Weber Costello Company
pub_159,Geodonov and Pushkarev
pub_160,"Publicity Department, Central London Recruiting Depot"
pub_161,Parliamentary War Savings Committee
pub_162,Witherby & Company
pub_163,Printed and Sold by W. Oliver
pub_164,Printed by John Charlewood
pub_165,N. Bourne
pub_166,Iohann Bergmann de Olpe
pub_167,J. le Febvre
pub_168,Marcus Ward and Company
pub_169,RCA Victor
pub_170,D. Estes and Company
pub_171,John Grigg
pub_172,Detroit Photographic Company
pub_173,Assemblies of God
pub_174,Imprimerie nationale
pub_175,T. Osbourne
pub_176,E. Leroux
pub_177,E.S. Mittler und Sohn
pub_178,Crété
pub_179,Czechoslovak Recruiting Office
pub_180,Imprimerie Administrative
pub_181,Institute for Military Geography
pub_182,E. Cave
pub_183,"Information Office, Embassy of Ghana"
pub_184,É. Crété
pub_185,Empreza Guedes
pub_186,Trelawney Saunders
pub_187,"Yair Medinah, Jerusalem Fine Arts Prints"
pub_188,P. Sonnerat
pub_189,D. Reimer
pub_190,Thomas Hamilton
pub_191,Gallery/Studio Tamar Meser Ltd.
pub_192,Junta de Andalucia
pub_193,Printed for J. Peele
pub_194,Sold by W. Griffin
pub_195,Edward Arnold
pub_196,Century Company
pub_197,Bet Alpha Editions
pub_198,Yao Kanbē kaihan
pub_199,J. Blaeve
pub_200,A. Allard
pub_201,Homann Heirs
pub_202,Juan de Narvaes
pub_203,Direccion de Hidrografica
pub_204,Chez Pierre Mariette
pub_205,Jean Cóvens and Corneille Mortier
pub_206,Barbosa and Lobo
pub_207,Edward Anthony
pub_208,Qing yun guan
pub_209,C. Amat
pub_210,John Murray
pub_211,"Darling & Son, ltd."
pub_212,Felix Alcan
pub_213,Baptist Mission Press
pub_214,"Government Press, N.W.P. and Oudh"
pub_215,A. Constable and Company
pub_216,Rodwell and Martin
pub_217,Elliot Stock
pub_218,Ticknor and Company
pub_219,J. Darby
pub_220,"Methuen & Co., Ltd., London; George H. Doran Company, New York"
pub_221,H.M. Stationery Office
pub_222,Challamel aîné
pub_223,H. Hilger
pub_224,Printed for A. Millar
pub_225,"Smith, Elder, & Company"
pub_226,S. Hooper
pub_227,J. Murray
pub_228,Printed at the Bengal Secretariat Office
pub_229,Archibald Constable and Company
pub_230,T. Fisher Unwin
pub_231,"Smith, Elder"
pub_232,Armand Colin et cie
pub_233,"Houghton, Mifflin and company"
pub_234,University Press
pub_235,Ferdinand Hirt & Sohn
pub_236,Printed at the Government Printing Office
pub_237,G. and J. Robinson
pub_238,Imprensa nacional
pub_239,Jonas Brown
pub_240,Imprimerie impériale
pub_241,Imprimerie royale
pub_242,Société royale de géographie d'Egypte
pub_243,Dieterichschen Buchhandlung
pub_244,Felipe Peña Cruz
pub_245,Wang Yuyin
pub_246,Kirk and Mercein
pub_247,Stereo-Travel Company
pub_248,"Sampson Low, Marston, Searle & Rivington"
pub_249,"Juta, Heeles, and Co."
pub_250,"Longman, Brown, Green, and Longmans"
pub_251,Al-‘Uthmaniyah Press
pub_252,H. Oudin
pub_253,Imprimerie Officielle
pub_254,Baptist Missionary Society and Trübner & Co.
pub_255,"Atkin & Prout, Printers"
pub_256,"Doubleday, Page & Company"
pub_257,Government Printer
pub_258,Imprimerie de Napoléon Chaix et Cie
pub_259,Ministry of Information of the Press and Broadcasting of the Republic of Senegal
pub_260,Ernest Leroux
pub_261,Imprimerie Jean Cussac
pub_262,Imprimerie Editogo
pub_263,"Longmans, Green and Co."
pub_264,Émile Larose
pub_265,"Ministry of the Interior, Information Service"
pub_266,L. Desessart
pub_267,P. Wogan
pub_268,Luigi Battei
pub_269,L. Hachette
pub_270,W. Miller
pub_271,Publicity Promotions
pub_272,Min Qiji
pub_273,Duncker and Humblot
pub_274,"Swan Sonnenschein & Co., Ltd."
pub_275,l’Imprimerie du Rwanda
pub_276,E.S. Mittler
pub_277,"Dodd, Mead"
pub_278,Union Publishing Company
pub_279,Harper & Brothers
pub_280,T. Fisher Unwin Ltd.
pub_281,Johann Friedrich Hartknoch
pub_282,Georg Christian Grund
pub_283,F.A. Brockhaus
pub_284,Ernest Bourdin
pub_285,"Lafréry, Antoine"
pub_286,Justus Perthes
pub_287,Yu Liangmu
pub_288,Organization of American States
pub_289,bi-ihtimām Muḥammad ʻAbd al-Raḥmān ibn Ḥajjī Muḥammad Rawshan Khān Maghfūr
pub_290,Survey of India Offices
pub_291,Saillant et Nyon
pub_292,Alexander Hogg
pub_293,Hunt & Eaton
pub_294,Bormay & Company
pub_295,I. Murray
pub_296,William Blake
pub_297,Yao Kanbē
pub_298,Yao Kanbē kankō
pub_299,Tong Wenlong
pub_300,White House Photo Office (1969-1974)
pub_301,"White House Photo Office, (1989-1993)"
pub_302,John Dunlap
pub_303,Department of State
pub_304,United States House of Representatives. Committee on Woman Suffrage.
pub_305,"Department of Agriculture, Bureau of Agricultural Economics"
pub_306,"Department of Commerce and Labor, Children's Bureau"
pub_307,"Office for Emergency Management, Office of War Information, Overseas Operations Branch"
pub_308,"Office for Emergency Management, Office of War Information, Domestic Operations Branch"
pub_309,Yang Dao
pub_310,"United States Information Agency, Press and Publications Service"
pub_311,Environmental Protection Agency
pub_312,West & Johnston
pub_313,Barbados Tourist Board
pub_314,National Film Board
pub_315,Guyana Information Service
pub_316,Trinidad and Tobago Tourist Board
pub_317,Joes van Doesborgh
pub_318,Claude de Monstr’oeil
pub_319,Fridericum Peypus
pub_320,Stephen Daye
pub_321,Henrico Martinez
pub_322,Chieh-tsu-yuan
pub_323,ChiGang Brotherhood Association
pub_324,Sheng Fan Wu
pub_325,"Carey, Lea, and Blanchard"
pub_326,Franciscus Halma
pub_327,Hubertum Iaillot
pub_328,Sumptibus Henrici Hondii
pub_329,Officina Plantiniana
pub_330,Jacobus Lucius
pub_331,Nicolo Todescho
pub_332,Lucas Brandis de Schass
pub_333,Woodbury & Page
pub_334,R. Sayer
pub_335,"Greive Jr, J.C."
pub_336,Mieling
pub_337,"Maurepas, Jean-Frédéric Phélypeaux, comte de,"
pub_338,Lauffer und Stolp
pub_339,Eggenberger Ferdinánd
pub_340,Hon-doiya
pub_341,Yamazaki Heihachi
pub_342,Rowlandson
pub_343,Zhao Liangfu
pub_344,Erhard Ratdolt
pub_345,Melchior Sessa for Jacob Pentius Leucensis
pub_346,"Bonetus Locatellus, for Octavianus Scotus"
pub_347,Printing Press of King Frederick II
pub_348,Holy Dormition Lavra
pub_349,Henri Lioret
pub_350,Tianning Temple
pub_351,"Zhu Di (Chengzu, the Yongle Emperor)"
pub_352,"Emperor Gaozong of the Qing dynasty, Aisin-Gioro Hongli"
pub_353,Etienne Vouillemont
pub_354,Charles Bayle
pub_355,Printed for the Oriental translation committee
pub_356,"Printed by Claude Davost alias de Troys, for Bartholomeus Trot"
pub_357,Antoine Lafréry
pub_358,Royal Swedish Academy of Sciences
pub_359,Wu Zetian
pub_360,Dangtu Commandery Studio
pub_361,Louis Elzevir
pub_362,Johann Bämler
pub_363,Johannes Petrejus
pub_364,"Caxton Publishing Company, Limited"
pub_365,British Embassy
pub_366,J. Marshall
pub_367,C. Randall
pub_368,J. Morren
pub_369,G. Caldwell
pub_370,W. Macnie
pub_371,J. M'Nairn
pub_372,W. Davison
pub_373,Air: J. & P. Wilson
pub_374,R. Taylor
pub_375,R. Hutchison
pub_376,G. Miller
pub_377,E. Johnstone
pub_378,J. McNairn
pub_379,T. Johnston
pub_380,J. & J. Neil
pub_381,M. Randall
pub_382,J. Neil
pub_383,"Niven, Napier and Khull"
pub_384,Jean-Baptiste Nolin
pub_385,R-Printer (Adolf Rusch)
pub_386,Osky’s Curio Shop
pub_387,Record Co.
pub_388,T. McLean
pub_389,Francesco Cavallo
pub_390,Harman Lanfon
pub_391,Chez Emanuel Colin de Thovoyon
pub_392,Giuseppe Galeazzi
pub_393,Blaeu
pub_394,E. Thunot
pub_395,Church Missionary Society
pub_396,William Bradford and J. Peter Zenger
pub_397,Pieter Sanders
pub_398,Otto Barentlz
pub_399,Jaer
pub_400,Jan Banning
pub_401,Marten Iansz Brant
pub_402,Cornelis Claesz
pub_403,Hillebrant Jacobsz van Wouw
pub_404,Evert Nieuwenhof
pub_405,A. Damianova
pub_406,Speyer
pub_407,Anton Koberger for Sebald Schreyer and Sebastian Kammermeister
pub_408,Kniazhestvo-srŭbska (Pravitelstvena) knigopechatnia
pub_409,Kniazhesko-serbska
pub_410,Kralevska universitetska
pub_411,Zakhariia Karkaleki
pub_412,Knigopechatnitsa (tipografiia) na Ĭosifa Kopaĭniga
pub_413,Pechatnitsa na Fermen Dido
pub_414,Kniazhesko-srŭbska (Pravitelstvena) knigopechatnia
pub_415,Sv. Mitropoliia
pub_416,I.K. Sopronova
pub_417,Imperatorskoĭ akademii nauk
pub_418,Knigopechatniata na d-ra Danila Medakovicha
pub_419,Pechatnitsa (shtamparnitsa) na Dim. Panichkov
pub_420,Pechatnitsa na A. Iakicha
pub_421,Pechatnitsa na Makedoniia
pub_422,Royal Hospital
pub_423,Kim Jeongho
pub_424,Thomas Baglionus
pub_425,Ferdinand IV ann. IX
pub_426,Conrad Sweynheym and Arnold Pannartz
pub_427,Regia Stamperia
pub_428,Giacomo Mascardi
pub_429,Francesco Baba
pub_430,Photoglob Company
pub_431,Bartlett & Welford
pub_432,Adriaan Vlacq
pub_433,De L'imprimerie impériale
pub_434,Levinus Hulsius
pub_435,Barthélemy Vincent
pub_436,Ignaz Alberti's Wittwe
pub_437,François Nicolas Martinet
pub_438,Ishwar Das
pub_439,Stephanus Creuzer
pub_440,Paul Grasnik
pub_441,Zhao Kehuai
pub_442,Zongwen Shuyuan
pub_443,William Daniell
pub_444,John A. Blair
pub_445,Greening & Company
pub_446,De Bussy
pub_447,François Juste
pub_448,Daniel de la Feuille
pub_449,Izumiya Gonshiro
pub_450,Kinrindō
pub_451,Arnoul L'Angelier
pub_452,Masuda Shop before the Temple of the Shiba Shinmei mae
pub_453,Yamajin (Yamashiroya Jinbei)
pub_454,Orontius Fineus
pub_455,Étienne Michallet
pub_456,"Vincent Sertenas, Jean Longis, and Robert Le Mangnier. Printed by Annet Brière"
pub_457,Printed for R. Baldwin
pub_458,A. Strahan
pub_459,Wu Aheng
pub_460,Shao Tinglie
pub_461,Liu You Yang
pub_462,Ren Rui Tang
pub_463,Huang Chengzhi
pub_464,Di Xuan Ge
pub_465,Wan Juan Lou
pub_466,Pan Zuyin
pub_467,Zhong De Shu Tang
pub_468,Da You Tang
pub_469,Parliamentary Recruiting Committee
pub_470,Latham Lithography & Printing Company
pub_471,Maison d'Edition
pub_472,The National Committee for Relief in Belgium
pub_473,S.A.I.G.A. Armanino
pub_474,"Gazette Printing Co., Limited"
pub_475,Marchbanks Press
pub_476,E. Guazzoni
pub_477,Geroldi
pub_478,"Gleaner Company, Limited"
pub_479,Government Printing Office
pub_480,Hermes Buch u. Kunstdruckerei
pub_481,Howell Lithography
pub_482,The Hegeman Print
pub_483,Pichot
pub_484,Crespi e Cortina
pub_485,Dinse and Eckert
pub_486,National Organising Committee
pub_487,National Industrial Conservation Movement
pub_488,American Red Cross
pub_489,Chaix
pub_490,Lapina
pub_491,Sackett & Wilhelms Corporation
pub_492,Newspaper of the 10th Army
pub_493,B. Sirven
pub_494,Montreal Lithograph Company Limited
pub_495,Press Navy Recruiting Bureau
pub_496,Gesellschaft für Graphische Industrie
pub_497,Central Council for the Organisation of Recruiting in Ireland
pub_498,The United States Printing & Lithograph Company
pub_499,Montreal Lithographic Company Limited
pub_500,Chambrelent
pub_501,Berger-Levrault
pub_502,"Hudson & Kearns Limited, Lithography"
pub_503,Chemical Warfare Service
pub_504,J. Cussac
pub_505,Conwell Graphic Companies
pub_506,Ray Greenleaf
pub_507,Union for the Struggle against Bolshevism
pub_508,Stone Limited
pub_509,"Johnson, Riddle & Company, Limited"
pub_510,Vercasson
pub_511,Dinse & Eckert
pub_512,James Walker
pub_513,Rous & Mann
pub_514,Central Committee for National Patriotic Organisations
pub_515,Publication Section. Emergency Fleet Corporation
pub_516,Rotophot A.G.
pub_517,Instituto Italiano D'Arti Grafiche
pub_518,American Lithographic Company
pub_519,Neogravure Printing Company
pub_520,"Hill, Siffken & Company"
pub_521,M. Seeger
pub_522,"Central Recruiting Committee, Number 2 Military Division"
pub_523,"The Gleaner Company, Limited"
pub_524,J. Weiner
pub_525,"Central Board of Registration, Selective Draft, Territory of Hawaii"
pub_526,Liberty Loan Committee
pub_527,Section Cinématographique de l'Armée Française
pub_528,"Bradbury, Agnew & Company"
pub_529,"Miles & Company, Limited Lithography"
pub_530,Barron Collier
pub_531,Cornille & Serre
pub_532,Tang shi
pub_533,"Ruan, Zisong"
pub_534,Tian yi ge
pub_535,Gan Fengliao
pub_536,Shizhuzhai
pub_537,Nanjing Xing bu
pub_538,Kazan Imperial University Publishing House
pub_539,Romanus
pub_540,Yamadaya Shōbei or Shōjirō
pub_541,Kiya
pub_542,Matsuki Heikichi
pub_543,Maruya Jinpachi
pub_544,Marutetsu
pub_545,Claudio Duchetti
pub_546,United States. Army. Corps of Topographical Engineers
pub_547,Wisconsin. Board of Commissioners of Public Lands
pub_548,Land and River Improvement Company
pub_549,Hydrographic Office
pub_550,Bureau of Civil and Topographical Engineering
pub_551,Laurie & Whittle
pub_552,Printing House of Bezobrazov V.
pub_553,P.P. Soikin
pub_554,Maimana Publishing House
pub_555,Osman Publishing House
pub_556,V.Z. Erem’yev Typo-Lithography
pub_557,Turkestan Military District Headquarters Printing House
pub_558,Monastery of Saints Cyprian and Justina
pub_559,Ganwang Dian
pub_560,Qian Dai
pub_561,Cheng Sheren
pub_562,Conghua Shufang
pub_563,Wen yuan ge
pub_564,Haishan Xianguan
pub_565,Shide Tang
pub_566,Fuchun Tang
pub_567,Xiao Tenghong
pub_568,Chen Jiao
pub_569,日本東京康氏傳鈔古寫本
pub_570,John C.H. Grabill
pub_571,"Macmillan and Company, Limited"
pub_572,W. Heinemann
pub_573,Weidmann
pub_574,Pittsburgh Printing Company
pub_575,Baker & Taylor Company
pub_576,"Archibald Constable and Company, Limited"
pub_577,Juan de la Cuesta
pub_578,Pascual Bujenas
pub_579,Juan Cromberger
pub_580,Ramon Petras
pub_581,Jerónimo Verdussen
pub_582,Guillermo Drouy
pub_583,Diego López Dávalos
pub_584,Jacobo Cromberger
pub_585,Sanoya Kiheｉ
pub_586,Tsutaya Kichizo
pub_587,Eijyudo
pub_588,Hujiokaya Keijiro
pub_589,Ensｈuya Matabei
pub_590,Fukuda Kumajiro
pub_591,Yamaguchiya Tobei
pub_592,Tsutaya Jûzaburô
pub_593,Toseisha
pub_594,Johannes Hamman
pub_595,Bernardus Stagninus
pub_596,Otinus de Luna
pub_597,Knowledge Foundation
pub_598,Library of Arafah
pub_599,Press Association
pub_600,The New Library
pub_601,Scientific Library
pub_602,Arab House Tomorrow
pub_603,Gorgeous Egyptian Press
pub_604,Dar Al-Kutub Press
pub_605,The Anglo Egyptian Bookshop
pub_606,Saada Publishing
pub_607,Hidaya Foundation for the Heritage Revival
pub_608,Institutes’ Library
pub_609,Council of the Ottoman Encyclopedia Press
pub_610,Ali Akbar Publishing House
pub_611,Mustafa Halabi & Sons
pub_612,Sawy Press
pub_613,E.J. Brill
pub_614,Greater Arab Library
pub_615,Arab Center for Culture and Science
pub_616,House of Scientific Culture
pub_617,Encyclopedia of the Ottoman Press
pub_618,Paul Barber Press
pub_619,Rahmaniya Printing Press
pub_620,Library of Egypt Press
pub_621,Al-Ihsan Printing Press
pub_622,As-Saada Printing Press
pub_623,Khanji Booksellers
pub_624,Arab Scientific Society
pub_625,Al-Wahbah Printing Press
pub_626,Al-Maarifa Printing Press
pub_627,Al-Matbaa Publishing
pub_628,Vilayet Printing House
pub_629,"National government of Bosnia and Hercegovina, National Printing House"
pub_630,Ivan Fyodorov
pub_631,E. Fisher
pub_632,Braun & Schneider
pub_633,Hieronymus Höltzel
pub_634,Joint Stock Company Granberg
pub_635,F. Reichardt
pub_636,The Chinese Imperial Court
pub_637,Sampson Low
pub_638,The Camelot Press Limited
pub_639,The Religious Track Society
pub_640,Young People's Missionary Movement
pub_641,Monastery of the Three Hierarchs
pub_642,Muzeum przemysłowe miejskie
pub_643,Printed by Antonio González Reyes at the expense of Francisco Laso
pub_644,Guillermo Glindon
pub_645,St. Emmeram's Abbey
pub_646,Diocese of Basel
pub_647,Lyon
pub_648,Johann Bergmann
pub_649,Johann Schönsperger
pub_650,Sigmund Feyerabend
pub_651,Christopher Plantin
pub_652,Paul Frellon
pub_653,Krausiana
pub_654,Echeverría Brothers
pub_655,Joseph Fernandez de Buendia
pub_656,D. Antonio Espinosa de los Monteros
pub_657,Chicago Daily News
pub_658,American Motion Picture Corporation
pub_659,World Film
pub_660,25th Battery of the 3rd Colonial Artillery
pub_661,Illustrated London News
pub_662,J. Hogarth
pub_663,de Bry
pub_664,"Printed by the Uganda Company, Limited"
pub_665,"George Allen and Co., Limited"
pub_666,Press of the Universities' Mission to Central Africa
pub_667,EUY
pub_668,J. T. Bowen
pub_669,J.T. Bowen
pub_670,Lithography of Wild & Chevalier
pub_671,R. Wittig
pub_672,Lee & Walker
pub_673,G. André & Company
pub_674,"Edward L. Walker, William Hall & Son, George Oates, G.P. Reed & Company"
pub_675,L. Meignen & Company
pub_676,Kennedy & Lucas's Lithography
pub_677,L.A. Godey & Company
pub_678,Childs or Childs & Inman
pub_679,C. G. Childs
pub_680,"Pendleton, Kearny & Childs"
pub_681,Childs & Inman's Press
pub_682,Childs & Inman's Lithography
pub_683,Childs & Inman
pub_684,Childs & Inman Press
pub_685,R.H. Hobson
pub_686,M.E.D. Brown
pub_687,Childs & Inman Lithographers
pub_688,C.G. Childs & G. Lehman
pub_689,Lehman & Duval
pub_690,Lehman & Duval Lithography
pub_691,Lehman & Duval Lithographers
pub_692,P.S. Duval Lithography
pub_693,Sinclair Lithography
pub_694,F. Kuhl Lithography
pub_695,"Lithography of Pinkerton, Wagner & McGuigan"
pub_696,Printed by F. Kuhl
pub_697,Artillery Corps of Philadelphia Greys
pub_698,Printed by Wagner & McGuigan
pub_699,Wagner & McGuigan's Lithography
pub_700,Lithography of Thomas Sinclair
pub_701,Sinclair's Lithography
pub_702,Evans
pub_703,P.S. Duval
pub_704,"Pinkerton, Wagner & McGuigan Lithography"
pub_705,Lithography of Wagner & McGuigan
pub_706,Wagner & McGuigan
pub_707,W.H. Rease
pub_708,T. Sinclair's Lithography
pub_709,W. Stott's Lithography
pub_710,Lithography of T. Sinclair
pub_711,Wagner & McGuigan?
pub_712,Bryson & Cooper
pub_713,Lithography of F. Kuhl
pub_714,J. Childs
pub_715,J.C. Sidney
pub_716,Printed by T. Sinclair
pub_717,Lithography of Wagner & M'Guigan
pub_718,Printed by P. S. Duval
pub_719,Printed by P.S. Duval
pub_720,John N. Henderson
pub_721,Wagner & McGuigan Lithography
pub_722,A. Kollner's Lithography
pub_723,P.S. Duval & Company Lithography
pub_724,"William Spink, William Kneass & Philip R. Engard"
pub_725,Thomas Sinclair
pub_726,Published by J.T. Bowen
pub_727,Printed by P. S. Duval Lithography
pub_728,A.D. Caldwell
pub_729,Thomas Sinclair's Lithography
pub_730,Brett's Lithography Press
pub_731,Job T. Williams
pub_732,Boell & Magee
pub_733,Printed by P.S. Duval & Son
pub_734,P.S. Duval & Son
pub_735,Chromolithography of M. H. Traubel
pub_736,Bowen & Company Lithography
pub_737,L.N. Rosenthal
pub_738,J.G. Simpson
pub_739,Printed by Herline & Company
pub_740,"Schnabel, Finkeldey & Demme's Lithography Institute"
pub_741,L.N. Rosenthal Lithography
pub_742,George G. Heiss
pub_743,Lithography of A. Kollner
pub_744,Lithography of P.S. Duval & Company
pub_745,P. S. Duval & Company Lithography
pub_746,Stayman & Brother
pub_747,"P.S. Duval, Lithographer"
pub_748,A. Kollners Lithography
pub_749,P.S. Duval & Son's Lithography
pub_750,Printed by Traubel & Company
pub_751,"L.N. Rosenthal, Lithographer"
pub_752,P.S. Duval & Son Lithography
pub_753,A. Pharazin
pub_754,Herline & Company Lithography
pub_755,J.L. Magee and A. Pharazyn
pub_756,J.F. Watson's Lithography
pub_757,"Herline & Hensel, Lithographers"
pub_758,Lithography of P.S. Duval & Son
pub_759,F. Bourquin & Company Lithography
pub_760,Hayes & Zell
pub_761,A. Easton's Lithography
pub_762,J. Marsh
pub_763,E. Ketterlinus
pub_764,Lithography by W.H. Rease
pub_765,Wagner & McGuigan's Steam Press
pub_766,B.S. Brown
pub_767,William Boell
pub_768,J.F. Watson Lithography
pub_769,Charles Baum
pub_770,T.S. Wagner's Lithography
pub_771,Barclay & Company
pub_772,Printed by J. Haehnlen
pub_773,J.L. Magee
pub_774,Othman ibn Abdul Manan
pub_775,Jacob Paucidrapii d Burgofranco
pub_776,Printed by Johannes Marion
pub_777,Printed by Sigismund Grim
pub_778,Melchiorre Sessa
pub_779,Hylaea
pub_780,Thomas Jefferys
pub_781,Sherman & Smith
pub_782,Leopold Gast & Brother
pub_783,J. Melish
pub_784,John Arrowsmith
pub_785,W. Faden
pub_786,WPA Federal Art Project
pub_787,"Pennsylvania Art Project, WPA"
pub_788,"Federal Art Project, WPA"
pub_789,A. Finley
pub_790,Robert Kennedy
pub_791,T. M. Fowler & James B. Moyer
pub_792,Gentleman’s Magazine
pub_793,S. Bott
pub_794,Ruger & Stoner
pub_795,J. J. Stoner
pub_796,Parovaia tipografia preemnikov O.D. Khodushinoi
pub_797,ROSTA
pub_798,Segodnyashnii Lubok
pub_799,RSFSR. State Publishing House
pub_800,Vilner ferlag fun B.A. Kletskin
pub_801,"Department of Education, St. Petersburg"
pub_802,Rome Brothers
pub_803,Phillips & Taylor
pub_804,Shaikh Abdul Karim
pub_805,Mansoor Press
pub_806,Meera Meer Books
pub_807,Army Press
pub_808,Islamia Steem Press
pub_809,Rangeen Press
pub_810,Munshi Nool Kashor
pub_811,Dilgudaz Press
pub_812,Mujtabai Press
pub_813,Gulshan Faiz
pub_814,Delhi Printing Works
pub_815,Punjab Government Press
pub_816,Munshi Nol Kashor
pub_817,Parkash Steem Press
pub_818,Shudetang
pub_819,Zhou Yuejiao
pub_820,Yang Junlin at Sizhiguan
pub_821,Li Yongzhong
pub_822,Zhang Cunhui
pub_823,Wangzaoxuan
pub_824,Guo Xian'en
pub_825,Chen Zhi
pub_826,Jujintang
pub_827,Guangqitang
pub_828,Youyizhai
pub_829,Lu Jian
pub_830,Xiong Zhixue
pub_831,Xue Sancai
pub_832,Zhang Yuanji
pub_833,He Chao
pub_834,Monastery of San Lazzaro
pub_835,Paolo Bonacota
pub_836,Titi & Pauli de Dianis
pub_837,Monastery of Saint Antony
pub_838,Michael Zimmermann
pub_839,Typographia Medicea
pub_840,Johann Schwan
pub_841,Melchior Lotter d.J.
pub_842,Johann Fust
pub_843,Johannes Oporinus
pub_844,Bartholomaei Bonfadini
pub_845,Monastery of St. Ulrich and Afra (?)
pub_846,H. Eggestein
pub_847,Brothers of the Common Life at Te Nazareth Gheprint
pub_848,Keikikaku
pub_849,Dar as-Salam Publishing
pub_850,Printed at the War Office
pub_851,Hodder and Stoughton
pub_852,Student Christian Movement
pub_853,"Longmans, Green & Company"
pub_854,Hutchinson & Company
pub_855,Hutchinson & Co.
pub_856,Francis Griffiths
pub_857,Uganda Society
pub_858,Uganda Literary and Scientific Society
pub_859,Nicomedes Lora
pub_860,Printing House of Printing School
pub_861,Kiev Commission of Popular Readings
pub_862,Y. P. Fishgang Printing House
pub_863,Sementovskii Printing House
pub_864,S.V. Kul'zhenko
pub_865,М.А. Alexandrov Printing House
pub_866,Kiev Pechersk Lavra Press
pub_867,Governor’s Office
pub_868,I. Schetinkin and E. Martynov
pub_869,Publishing House of E. Cherepovskii
pub_870,N. I. Butkovskaya
pub_871,Union for the Liberation of Ukraine
pub_872,Pyotr Barskii
pub_873,Southwestern Branch of the Imperial Russian Geographic Society
pub_874,N. T. Korchak–Novitskii
pub_875,Public Interests Printing House
pub_876,A. I. Grosman
pub_877,Volosozhar
pub_878,I. Knebel
pub_879,Al-Dunkajiyya Press
pub_880,Augustinian Monastery of San Salvatore
pub_881,Academy of Arts and Society of Calligraphers
pub_882,Cultural Heritage Organization
pub_883,Mohammad-Ali Ashtyani
pub_884,Antonio Cruzado
pub_885,Juan Baptista de Montoya
pub_886,Antonio de Salamanca and Antonio Lafrery
pub_887,Jean Laet
pub_888,Juan Bautista Gargano and Lucrecio Nucci
pub_889,Ignacio Boix
pub_890,Arnao Guillén de Brocar
pub_891,F. de P. Mellado
pub_892,G. T. Korchak-Novitskii Printing House
pub_893,Konstantin Zhernakov Printing House
pub_894,Monastery of Saint Ioakim Osogovski-Sarandapor
pub_895,I︠A︡kov Kraĭkov
pub_896,Giambatista Albrizzi
pub_897,Arnold Buckinck
pub_898,Jean Aubry and Claude de Marne
pub_899,Heinrich Petri
pub_900,Luca-Antonio Giunta
pub_901,Ottaviano Scoto
pub_902,Benoît Bonyn
pub_903,Johann Grüninger
pub_904,H. Hall
pub_905,Vincenzo Valgrisi and Baldassare Costantini
pub_906,Johann Schott
pub_907,Cornelius of Zyrickzee
pub_908,Matteo Cancer
pub_909,Guillaume Huyon
pub_910,Johannes Janssonius van Waesberge and Vidua Elizei Weyerstraet
pub_911,Giovanni Monte and Ulrich Neuber
pub_912,Valentinus Curio
pub_913,White Star Line
pub_914,Belarusian Society of Bibliophiles
pub_915,A. Dvorzhets Printing House
pub_916,Russian Imperial Academy of Science
pub_917,Radzivill Printing House
pub_918,Publishing House of Hakob Meghapart
pub_919,Malik al-Kitāb
pub_920,Maṭbaʻ-i Muṣṭafāʼī-i Muḥammad Khān Muṣṭafá
pub_921,Dar Maṭbaʻ-i Dār al-Salṭanah-i Kābul
pub_922,Maṭbaʻ-i Dār al-Salṭanah-ʼi Kābul
pub_923,Bā bayārī-i Maṭbaʻ-i Sarkārī-i shahr-i Kābul-i gulgul bishkuft
pub_924,National Printing Office
pub_925,Waterlow and Sons
pub_926,McCorquodale and Company
pub_927,William M. Bradley and Company
pub_928,Eckert Lithographing Company
pub_929,G.W. and C.B. Colton and Company
pub_930,International Bureau of the American Republics
pub_931,United States. Adjutant-General's Office. Military Information Division
pub_932,George Philip & Son Limited
pub_933,Ordnance Survey Office
pub_934,"Engineer Reproduction Plant, U.S. Army"
pub_935,Covens and Mortier
pub_936,Oxford University Press
pub_937,Johann Neumeister
pub_938,"Lorenzo Morgiani and Johannes Petri, for Piero Pacini da Pescia"
pub_939,Fowler & Kelly
pub_940,Shiguange
pub_941,Sun You
pub_942,Rongyutang
pub_943,Dachengzhai
pub_944,Shuyetang
pub_945,Imperial Medical College
pub_946,Shangbaizhai
pub_947,Gulin Shutang
pub_948,Langxuanguan
pub_949,Ding Gongchen
pub_950,Yuan Jie
pub_951,Qixiutang
pub_952,"Lu Xiangpu, Sanjian Caotang"
pub_953,Jiguge
pub_954,Pingbo
pub_955,Tingyitang
pub_956,National Highways Association
pub_957,German Peace Society
pub_958,Office of European Nationality
pub_959,Federated Malay States Government Printing Office
pub_960,Headley Brothers
pub_961,Naval Kishore Publishing House
pub_962,P.A. Huldberg
pub_963,A. Börtzells
pub_964,"Army Map Service, Corps of Engineers"
pub_965,Freytag & Berndt
pub_966,William D. Ticknor
pub_967,Enrico Voghera
pub_968,Heer
pub_969,War Office
pub_970,Johann Baptist Homann
pub_971,C. Ohmann
pub_972,M. Lapie
pub_973,Johnson and Ward
pub_974,"Thomas, Cowperthwait & Company"
pub_975,C. Picquet
pub_976,G.P. Putnam's Sons
pub_977,Fleming H. Revell Company
pub_978,P. Force
pub_979,T. Wardle
pub_980,Mason Brothers
pub_981,W. N. Hartshorn
pub_982,F. A. Stokes
pub_983,Muṣṭafawī Printing Press
pub_984,Fayḍ Muḥammadī Press
pub_985,Dār al-Salṭanah
pub_986,Trübner & Company
pub_987,"Sampson Low, Marston, Searle, and Rivington"
pub_988,Griffith and Farran
pub_989,"Longman, Hurst, Rees, Orme, Brown, and Green"
pub_990,R. J. Mitchell and Sons
pub_991,William H. Allen and Company
pub_992,Maṭbaʻ-i Jahanʹnamā
pub_993,M. Parpura
pub_994,Giovanni Giacomo de Rossi
pub_995,Pieter van der Aa
pub_996,Institut Geographique de Paris
pub_997,Gustava Barba
pub_998,Sagamiya Tahei
pub_999,Yao Yasutoyo (et al.)
pub_1000,Doyu koji
pub_1001,Asaino families
pub_1002,Urokogataya Sanzaemon
pub_1003,Nishimuraya Yohachi
pub_1004,Funaki Kasuke (et al.)
pub_1005,Hayashi Jizaemon
pub_1006,Royal Printing Press of Kabul
pub_1007,Muṣṭafāʼī Publishing House
pub_1008,Maṭbaʻ-i Dīmūrūf
pub_1009,Royal Publishing House of Kabul
pub_1010,Matb-e Gulzar Husaini
pub_1011,Matb-e Brejis
pub_1012,Maṭbaʻ-i Dār al-Salṭanah-i Kābul
pub_1013,Andreola
pub_1014,Da’ud Sliwa
pub_1015,Bernardino dei Vitali
pub_1016,Al-Arab Printing House
pub_1017,Royal Serbian Publishing House
pub_1018,City Typographers
pub_1019,Book Publishing House of Constantinople Herald
pub_1020,Royal Serbian Typographers
pub_1021,Printing House of K.N. Radulesku
pub_1022,Typographers of Tadei Divichian
pub_1023,Tongsheng Photo Studio (Firm)
pub_1024,W.H. Allen and Company
pub_1025,Blackie & Son
pub_1026,John Cary
pub_1027,Bellin
pub_1028,Bibliographisches Institut Leipzig
pub_1029,James Wyld
pub_1030,Didot
pub_1031,G. A. Kuklin
pub_1032,Synod Press
pub_1033,Government Press
pub_1034,Partnership of Typesetters. A. A. Levenson
pub_1035,P. P. Soikin Printing House
pub_1036,Land survey drawing company
pub_1037,Al-Maṭba‘a al-Adabīya
pub_1038,Université Saint-Joseph
pub_1039,Muhandis-khāna Press
pub_1040,Al-Hamīdiyyah Press
pub_1041,Americans’ Printing House
pub_1042,al-Jawa’ib Press
pub_1043,Catholic Press
pub_1044,Al-Adab Press
pub_1045,Amiriyah Press
pub_1046,Muqtataf Press
pub_1047,Muḥammad Musṭafā Press
pub_1048,Dar al-Hilal Printing House
pub_1049,Bulaq Press
pub_1050,Al-Adabiyah Press
pub_1051,al-‘Umumiyah Press
pub_1052,Al-Khayriyah Press
pub_1053,al-Ma'arif Press
pub_1054,American Press
pub_1055,Maṭbaʻat al-Hilāl
pub_1056,Maṭbaʻat al-Shaʻb
pub_1057,Matbaʻat al-Abāʼ al-Yasuʻīyyīn
pub_1058,al-Ahliyah Press
pub_1059,Al-Taraqqi Press
pub_1060,al-Sa’adah Press
pub_1061,al-Masbah Press
pub_1062,al-Mimniyah Press
pub_1063,al-Hilāl
pub_1064,Al-Sharafīya Publishing House
pub_1065,Maṭbaʻat al-Maḥmūdīya Publishing House
pub_1066,Al-Sufūr Printing House
pub_1067,Maṭbaʻat al-khayrīyah
pub_1068,Maṭbaʻat al-qāhira al-ḥurra
pub_1069,Jarīdat Bayrut Press
pub_1070,al-Maktabah al-Tijariyah al-Kubra Press
pub_1071,Al-Hilal Press
pub_1072,Nile Press
pub_1073,Dar al-Kutub al-‘Arabiyah al-Kubra Press
pub_1074,ʻĀmarah Press
pub_1075,al-Maṭbaʻah al-Kubrá al-Amīrīyah
pub_1076,Jamāliyah Press
pub_1077,Al-Bahā’ Press
pub_1078,Salafiyah Press
pub_1079,Firmin-Didot
pub_1080,Geographisches Institut
pub_1081,Office of the Chief of Engineers
pub_1082,Jackson & Wyndham
pub_1083,"Letts, Son & Company"
pub_1084,Dār al-Ṭabaʻāt-i Āstānah-i Muqaddasah
pub_1085,Matbh-e Fakhri
pub_1086,Matbh-e Islamiya
pub_1087,Sarkāṛī Printing Press
pub_1088,Shams Al-Nahār Press
pub_1089,German Publishing House
pub_1090,D'Anville
pub_1091,Survey of Egypt
pub_1092,Reich Office
pub_1093,Ufficio Nautico Marconi
pub_1094,Robert de Vaugondy
pub_1095,Matba-e Hurufi Dar al-Saltana-e
pub_1096,Matba-e Ghulam Hasan
pub_1097,Afghanistan Academy of Sciences and Center for Language and Literature
pub_1098,Autonomous Directorate of Publications
pub_1099,"Parry, Blenkarn and Company"
pub_1100,Richard Bentley and Son
pub_1101,"Chapman and Hall, Limited"
pub_1102,"Longmans, Green, and Company"
pub_1103,Behari Lal
pub_1104,Britton and Rey
pub_1105,Poole Brothers
pub_1106,Marsh and Grant
pub_1107,Julius Bien and Company Lithography
pub_1108,David O. Haynes
pub_1109,Farwest Lithograph and Printing
pub_1110,E. Weber
pub_1111,Geological Survey (United States)
pub_1112,Junzhai Gushu
pub_1113,Guweitang
pub_1114,Guangqin Shutang
pub_1115,Tea-Salt Commission of the Eastern Zhejiang Jurisdiction
pub_1116,"Transport Division, Jiangxi Circuit"
pub_1117,Rixintang of Gao Family
pub_1118,"Lanxuetang, Huajian, Xishan"
pub_1119,Na Chieftainship of the Yi people
pub_1120,Wu Weizhong
pub_1121,Li Yu
pub_1122,Yu Family School
pub_1123,Cuiwen Shuwu
pub_1124,"Mao Jin, Jiguge"
pub_1125,Lin'an Prefecture
pub_1126,"Chen Renzi, Dongshan Shuyuan"
pub_1127,Zhang Dingsi
pub_1128,Ministry of Information and Culture and Union of the Writers of the Democratic Republic of Afghanistan
